Workbook
Name Harga_Biosolar: '⚙️ Parameter Global'!$C$16
Name Harga_Pertalite: '⚙️ Parameter Global'!$C$17
Name HariKerja_PerBulan: '⚙️ Parameter Global'!$C$7
Name JamKerja_PerBulan: '⚙️ Parameter Global'!$C$9
Name JamKerja_PerHari: '⚙️ Parameter Global'!$C$8
Name Kecepatan_Kendaraan: '⚙️ Parameter Global'!$C$10

Sheet ⚙️ Parameter Global
B1: ⚙️ PARAMETER GLOBAL — Single source of truth
B3: Semua parameter di bawah ini dipake oleh sheet lain via cell reference. Ubah di sini, semuanya ikut update.
B5: 🧑‍💼 HUMAN-CENTRIC PARAMETERS (Batasan Jam Kerja Manusia)
B6: Parameter | C6: Nilai | D6: Satuan | E6: Penjelasan
B7: Hari kerja per bulan | C7: 26 | D7: hari | E7: Asumsi: 6 hari/minggu × ~4,33 minggu/bulan
B8: Jam kerja per hari | C8: 8 | D8: jam | E8: Standar UU Ketenagakerjaan No. 13/2003
B9: Total jam kerja/bulan | C9: =C7*C8 -> 208 | D9: jam | E9: Cap maksimum waktu driver per bulan
B10: Kecepatan rata-rata kendaraan | C10: 45 | D10: km/jam | E10: Asumsi kecepatan truk darat rata-rata
B12: 💡 Formula T_k (Trip Max per Kendaraan) = FLOOR(JamKerja_PerBulan / (Jarak_terjauh / Kecepatan), 1)
B14: ⛽ HARGA BBM
B15: Jenis BBM | C15: Harga | D15: Satuan | E15: Dipake oleh
B16: Biosolar (Solar Subsidi) | C16: 6800 | D16: Rp/Liter | E16: CDD, CDE
B17: Pertalite | C17: 10000 | D17: Rp/Liter | E17: GrandMax, Kijang, Motorbike
B19: 🚛 KAPASITAS & KONSUMSI KENDARAAN
B20: Jenis Kendaraan | C20: Kapasitas (boks) | D20: Konsumsi BBM | E20: Jenis BBM
B21: CDD | C21: 280 | D21: 4 | E21: Biosolar
B22: CDE | C22: 200 | D22: 7 | E22: Biosolar
B23: GrandMax | C23: 120 | D23: 8 | E23: Pertalite
B24: Kijang | C24: 80 | D24: 10 | E24: Pertalite
B25: Motorbike | C25: 5 | D25: 15 | E25: Pertalite
B27: 📦 KAPASITAS KONTAINER (First Mile)
B28: Jenis Kontainer | C28: Volume (boks) | D28: Volume (m³) | E28: Catatan
B29: 40FT | C29: 2360 | D29: 67 | E29: Kontainer laut besar
B30: Build Up | C30: 1600 | E30: Kontainer reefer/khusus
B31: 20FT | C31: 1160 | D31: 33 | E31: Kontainer laut kecil
B32: FUSO | C32: 880 | E32: Truk berat
B33: CDD | C33: 280 | D33: 25 | E33: Truk medium (juga di middle mile)

Sheet 📘 Model Matematis
B1: 📘 MODEL MATEMATIS — Minimisasi Biaya Transportasi FMCG
B2: Wilayah Kalimantan, Sulawesi, BaliNusra · MILP (Mixed Integer Linear Programming)
B4: 🚢 MODEL 1: FIRST MILE (Pabrik Karawang → Direct CPU / Direct DC)
B5: Output: total biaya transportasi first mile per bulan (Rp)
B7: INDEKS
B8: i | C8: Lokasi asal: BaliNusra, Sulawesi, Kalimantan
B9: j | C9: Lokasi tujuan: 15 DC (Direct CPU + Direct DC)
B10: v | C10: Jenis container: 40FT, Build Up, 20FT, FUSO, CDD
B12: VARIABEL KEPUTUSAN
B13: x_ijv | C13: Jumlah trip container v dari lokasi i ke j (integer ≥ 0)
B14: b_ijv | C14: Biner: 1 jika container v dipake untuk rute i→j
B15: q_ijv | C15: Jumlah boks dikirim dari i ke j dengan container v (≥ 0)
B17: FUNGSI OBJEKTIF
B18: Min Z₁ = ΣᵢΣⱼΣᵥ r_ijv × b_ijv × x_ijv
B19: r_ijv = Rate T&W (Rp/trip), dari sheet "Rate T&W"
B21: FUNGSI PEMBATAS (Constraint)
B22: 1 | C22: q_ijv ≤ C_v × x_ijv | D22: Jumlah boks ≤ kapasitas container × jumlah trip
B23: 2 | C23: Σ q_ijv ≥ D_j | D23: Total kiriman ≥ demand bulanan di tujuan j
B24: 3 | C24: q_ijv ≥ 0 | D24: Jumlah boks non-negatif
B25: 4 | C25: x_ijv ≥ 0, integer | D25: Jumlah trip non-negatif & bulat
B28: 🚚 MODEL 2: MIDDLE MILE (Direct CPU/DC → Indirect DC / Depo)
B29: Output: total biaya transportasi middle mile per bulan (Rp) · BBM + Driver + Staff + Sewa Kendaraan
B31: INDEKS
B32: k | C32: Lokasi asal: 27 hub (9 Direct DC + 6 Direct CPU + 12 Indirect DC)
B33: l | C33: Lokasi tujuan: 42 (12 Indirect DC + 30 Depo/Machine Room)
B34: m | C34: Jenis kendaraan: CDD, CDE, GrandMax, Kijang, Motorbike
B36: VARIABEL KEPUTUSAN
B37: x_klm | C37: Jumlah trip kendaraan m dari k ke l (integer ≥ 0)
B38: n_klm | C38: Jumlah unit kendaraan m yang dipake di rute k→l
B39: b_klm | C39: Biner: 1 jika kendaraan m dipake
B40: q_klm | C40: Jumlah boks dikirim (≥ 0)
B42: FUNGSI OBJEKTIF (4 komponen biaya)
B43: Min Z₂ = Σ(r_klm × b_klm × n_klm) ← Sewa kendaraan + Σ((2 × d_kl × c_m / p_m) × x_klm) ← BBM (×2 untuk PP) + 2 × Σ(s_kl × n_klm) ← Driver + f_kl ← Staff gudang
B44: r_klm = tarif sewa kendaraan · d_kl = jarak · c_m = harga BBM · p_m = konsumsi BBM (km/L) · s_kl = biaya driver · f_kl = biaya staff
B46: FUNGSI PEMBATAS (Constraint)
B47: 1 | C47: q_klm ≤ C_m × x_klm | D47: Boks ≤ kapasitas kendaraan × trip
B48: 2 | C48: Σ q_klm ≥ D_l | D48: Demand di tujuan l terpenuhi
B49: 3 | C49: q_lm × x_lm ≤ G_k | D49: Total kirim 1 batch ≤ kapasitas gudang asal k
B50: 4 | C50: q_klm ≥ 0 | D50: Boks non-negatif
B51: 5 | C51: x_klm ≥ 0, integer | D51: Trip non-negatif & bulat
B52: 6 | C52: b_klm ∈ {0, 1} | D52: Variabel biner
B53: 7 | C53: x_lm ≤ T_k | D53: HUMAN-CENTRIC: jumlah trip ≤ Trip Maksimum kendaraan dari gudang k
B56: 🧑‍💼 HUMAN-CENTRIC DEEP-DIVE — Constraint #7
B57: Inti desain: trip kendaraan dibatasi waktu kerja maksimum manusia (driver), supaya tidak overwork.
B59: Rumus T_k | C59: T_k = ⌊ JamKerjaPerBulan ÷ (JarakTerjauh / Kecepatan) ⌋
B60: Komponen | C60: JamKerjaPerBulan = 26 hari × 8 jam = 208 jam · Kecepatan = 45 km/jam
B61: Contoh | C61: Lombok ke BaliNusra: jarak terjauh 1046,39 km → waktu trip 23,25 jam → T = ⌊208/23,25⌋ = 8 trip/bulan
B62: Lihat | C62: → Sheet "Jumlah Trip Maksimal" untuk hitungan per area

Sheet ✅ Verifikasi vs Gurobi
B1: ✅ VERIFIKASI DATA vs GUROBI CODE
B2: Cek konsistensi data mastersheet dengan Gurobi code (rujukan mutlak)
B4: 📊 RINGKASAN
B5: Item Diverifikasi | C5: Status | F5: Detail
B6: MaxTrip per asal (14 area) | C6: ✓ MATCH | F6: ✓ Semua match. Dihitung dari T_k = 208 ÷ (jarak terjauh / 45 km/jam)
B7: Sewa kendaraan rate (Kalimantan tier) | C7: ✓ MATCH | F7: ✓ CDD 13.85M, CDE/GM/Kijang 6.56M — match
B8: Sewa kendaraan rate (Sulawesi/BaliNusra tier) | C8: ✓ MATCH | F8: ✓ CDD 6.9M, CDE 5.5M, GM 3.5M — match
B9: BBM rate per (asal,kendaraan,tujuan) | C9: ✓ MATCH | F9: ✓ Sample verified (Lombok block, Banjarmasin block) — match
B10: Middle Mile demand per route | C10: ✓ MATCH | F10: ✓ Total kirim per route memenuhi demand Gurobi
B11: First Mile demand (di sheet Sulawesi/Kalimantan/BaliNusra) | C11: ✓ MATCH | F11: ✓ Itu LOCAL DEMAND (bukan throughput). Both correct, beda metric.
B12: First Mile demand (di sheet Total Biaya First Mile) | C12: ✓ MATCH | F12: ✓ FIXED v5: pisahin Local Demand + Forward + Throughput. Cost pake throughput.
B15: 📋 DETAIL DEMAND FIRST MILE — Laporan vs Gurobi
B16: Area | C16: Local Demand (Laporan) | D16: Throughput (Gurobi FM) | E16: Forward (Selisih) | F16: Status
B17: Denpasar | C17: 28496 | D17: 28496 | E17: 0 | F17: ✓ Tidak ada forward
B18: Lombok | C18: 17216 | D18: 37767 | E18: 20551 | F18: Forward 20,551 boks ke Indirect/Depo
B19: Kendari | C19: 6252 | D19: 14736 | E19: 8484 | F19: Forward 8,484 boks ke Indirect/Depo
B20: Makassar | C20: 8800 | D20: 62670 | E20: 53870 | F20: Forward 53,870 boks ke Indirect/Depo
B21: Manado | C21: 6680 | D21: 25418 | E21: 18738 | F21: Forward 18,738 boks ke Indirect/Depo
B22: Palu | C22: 7491 | D22: 23275 | E22: 15784 | F22: Forward 15,784 boks ke Indirect/Depo
B23: Balikpapan | C23: 16518 | D23: 21193 | E23: 4675 | F23: Forward 4,675 boks ke Indirect/Depo
B24: Banjarmasin | C24: 22620 | D24: 47169 | E24: 24549 | F24: Forward 24,549 boks ke Indirect/Depo
B25: Berau | C25: 2879 | D25: 2879 | E25: 0 | F25: ✓ Tidak ada forward
B26: Bontang | C26: 2010 | D26: 3340 | E26: 1330 | F26: Forward 1,330 boks ke Indirect/Depo
B27: Palangkaraya | C27: 4632 | D27: 9255 | E27: 4623 | F27: Forward 4,623 boks ke Indirect/Depo
B28: Pontianak | C28: 8377 | D28: 18499 | E28: 10122 | F28: Forward 10,122 boks ke Indirect/Depo
... B31: Tarakan | C31: 12523 | D31: 12523 | E31: 0 | F31: ✓ Tidak ada forward
B34: 💰 EXPECTED OPTIMAL COSTS
B35: Komponen | C35: Nilai (Rp/bulan) | F35: Catatan
B36: First Mile (Z₁ optimal) | C36: 2969314226 | F36: Mix optimal container, demand Gurobi
B37: Middle Mile BBM (per Gurobi solution) | C37: 236013211 | F37: Match existing sheet — sudah benar
B38: Middle Mile Driver | C38: 396377594 | F38: Match existing sheet — sudah benar
B39: Middle Mile Sewa Kendaraan | C39: 251018432 | F39: Total dari summary 4-komponen v3
B40: Middle Mile Staff | C40: 392936204 | F40: Total dari summary 4-komponen v3
B41: GRAND TOTAL Z₁ + Z₂ per bulan | C41: 4245659667 | F41: ~ Rp 4.25 Miliar/bulan

Sheet Penjelasan Gurobi (Kode)
B1: 🐍 IMPLEMENTASI GUROBI — Penjelasan + Kode Python
B2: Kode optimasi MILP untuk Model 2 (Middle Mile). Untuk notasi matematis lihat sheet 📘 Model Matematis.
B3: Penjelasan | C3: Kode Python
B4: 🎯 Tujuan Model
B5: Mengoptimalkan pengiriman barang dengan meminimalkan total biaya yang terdiri dari: • Biaya BBM — tergantung jarak & konsumsi bahan bakar • Biaya penambahan kendaraan — biaya tetap saat menyewa kendaraan baru | C5: import gurobipy as gp from gurobipy import GRB import pandas as pd m = gp.Model("MiddleMileOptimization")
B6: 📥 Bagian 1: Input Data
B7: Data tujuan: ID, Kota, Jarak, Demand untuk tiap lokasi tujuan. | C7: tujuan_data = { 'ID_Tujuan': ['DC009','DC010','DC011','DC018','DC027','DC048','DC054','DC055'], 'Kota': ['Bulukumba','Gowa','Jeneponto','Pangkep','Takalar','Bone','Palopo','Pare-Pare'], 'Jarak': [200, 16.37, 97.42, 55.23, 41.33, 194.85, 375.38, 162.64], 'Demand': [2549, 11369, 2561, 1826, 1978, 2871, 3259, 5309] } tujuan = pd.DataFrame(tujuan_data)
B8: Data kendaraan: Type, Volume (kapasitas), BBM (jenis bahan bakar), Cons (konsumsi km/liter). | C8: kendaraan_data = { 'Type': ['CDD', 'CDE', 'GrandMax'], 'Volume': [280, 200, 120], 'BBM': ['biosolar', 'biosolar', 'pertalite'], 'Cons': [4, 7, 8] } kendaraan = pd.DataFrame(kendaraan_data) harga_bbm = {'biosolar': 6800, 'pertalite': 10000}
B9: 🎲 Bagian 2: Variabel Keputusan
B10: x[k,j,t]: biner → kendaraan k mengirim ke tujuan j pada trip ke-t y[k,j,t]: integer → jumlah boks yang dikirim kendaraan k ke j pada trip t z[k,i]: biner → apakah kendaraan jenis k unit ke-i dipakai | C10: x = m.addVars(..., vtype=GRB.BINARY, name="x") y = m.addVars(..., vtype=GRB.INTEGER, name="y") z = m.addVars(..., vtype=GRB.BINARY, name="z")
B11: 🎯 Bagian 3: Fungsi Tujuan (Objective)
B12: Minimasi total biaya = Biaya BBM + Biaya penambahan kendaraan. BIAYA BBM per trip: = 2 × (Jarak / Konsumsi) × Harga BBM Faktor 2 untuk perjalanan PULANG-PERGI. | C12: obj = gp.LinExpr() # Biaya BBM for k_row in kendaraan.itertuples(): for j_row in tujuan.itertuples(): for t in range(MAX_TRIPS): jarak = j_row.Jarak konsumsi = k_row.Cons bbm = harga_bbm[k_row.BBM] biaya_per_trip = 2*(jarak/konsumsi)*bbm # 2x PP obj += biaya_per_trip * x[(k_row.Type, j_row.ID_Tujuan, t)] # Biaya penambahan kendaraan for k_row in kendaraan.itertuples(): for i in range(1, 20): obj += biaya_kendaraan[k_row.Type] * z[(k_row.Type, i)] m.setObjective(obj, GRB.MINIMIZE)
B13: ⛔ Bagian 4: Pembatasan (Constraints)
B14: (a) DEMAND HARUS TERPENUHI Total boks yang dikirim ke tujuan j selama seluruh trip ≥ demand di j. | C14: for j_row in tujuan.itertuples(): m.addConstr( gp.quicksum(y[(k.Type, j_row.ID_Tujuan, t)] for k in kendaraan.itertuples() for t in range(MAX_TRIPS)) >= j_row.Demand, name=f"demand_{j_row.ID_Tujuan}" )
B15: (b) KAPASITAS KENDARAAN Boks yang dikirim ≤ kapasitas kendaraan × jumlah trip. | C15: for k_row in kendaraan.itertuples(): for j in tujuan['ID_Tujuan']: for t in range(MAX_TRIPS): m.addConstr( y[(k_row.Type, j, t)] <= kendaraan.loc[k_row.Index,'Volume'] * x[(k_row.Type, j, t)], name=f"kapasitas_{k_row.Type}_{j}_trip{t}" )
B16: (c) KAPASITAS GUDANG PER TRIP Total boks dalam satu trip ≤ kapasitas gudang asal. | C16: for t in range(MAX_TRIPS): m.addConstr( gp.quicksum(y[(k.Type, j, t)] for k in kendaraan.itertuples() for j in tujuan['ID_Tujuan']) <= 2920, # contoh: kap. gudang Makassar name=f"gudang_trip{t}" )
B17: (d) AKTIVASI KENDARAAN x[k,j,t] hanya aktif kalau ada kendaraan jenis k yang dipakai (z=1). | C17: for k in kendaraan['Type']: for j in tujuan['ID_Tujuan']: for t in range(MAX_TRIPS): m.addConstr( x[(k, j, t)] <= gp.quicksum(z[(k, i)] for i in range(1, 20)), name=f"use_vehicle_{k}_{j}_trip{t}" )
B18: (e) 🧑‍💼 HUMAN-CENTRIC — PEMBATAS JUMLAH TRIP Setiap kendaraan max 26 trip per bulan. Detail rumus T_k lihat sheet "Jumlah Trip Maksimal". Filosofi: jam kerja driver dibatasi 26 hari × 8 jam = 208 jam/bulan. | C18: for k in kendaraan['Type']: for i in range(1, 20): for t in range(MAX_TRIPS): m.addConstr( gp.quicksum(x[(k, j, t)] for j in tujuan['ID_Tujuan']) <= 26 * z[(k, i)], name=f"max_trips_{k}_v{i}_t{t}" )
B19: ✅ Bagian 5: Penyelesaian (Solve)
B20: Jalankan solver Gurobi dan ekstrak hasil: • Total biaya minimum (Z₂) • Daftar rute (kendaraan → tujuan → trip) • Jumlah kendaraan per jenis yang dipakai | C20: m.optimize() if m.status == GRB.OPTIMAL: print("Total Biaya:", m.ObjVal) for k, j, t in x: if x[(k, j, t)].X > 0.5: print(f"Kendaraan {k} kirim {int(y[(k,j,t)].X)} boks ke {j} trip-{t+1}") kendaraan_digunakan = {} for k_row in kendaraan.itertuples(): for i in range(1, 20): if z[(k_row.Type, i)].X > 0.5: kendaraan_digunakan[k_row.Type] = kendaraan_digunakan.get(k_row.Type, 0) + 1 for tipe, count in kendaraan_digunakan.items(): print(f"{tipe}: {count} kendaraan")

Sheet 🐍 Kode First Mile
A1: 🐍 KODE GUROBI — FIRST MILE (Karawang → Direct CPU/DC)
A2: Source: Kode_Guroby-Phyton_FirstMile.pdf — 2 blok: Sulawesi/Kalimantan dan BaliNusra
A4: 📦 BLOK 1: First Mile Sulawesi & Kalimantan
A5: 1 | B5: # ============================================================
A6: 2 | B6: # KODE FIRST MILE — Sulawesi dan Kalimantan
A7: 3 | B7: # ============================================================
A8: 4 | B8: import gurobipy as gp
A9: 5 | B9: from gurobipy import Model, GRB, quicksum
A10: 6 | B10: import pandas as pd
A11: 7 | B11: import math
A12: 8
A13: 9 | B13: # --- 1. Data Permintaan (THROUGHPUT = local + forward via Middle Mile) ---
A14: 10 | B14: df_demand = pd.DataFrame([
A15: 11 | B15: ['Kendari', 'DC032', 'Direct CPU', 14736],
A16: 12 | B16: ['Makassar', 'DC034', 'Direct CPU', 62670],
A17: 13 | B17: ['Manado', 'DC035', 'Direct CPU', 25418],
A18: 14 | B18: ['Palu', 'DC036', 'Direct CPU', 23275],
A19: 15 | B19: ['Balikpapan', 'DC037', 'Direct DC', 21193],
A20: 16 | B20: ['Banjarmasin', 'DC038', 'Direct DC', 47169],
A21: 17 | B21: ['Berau', 'DC039', 'Direct DC', 2879],
A22: 18 | B22: ['Bontang', 'DC040', 'Direct DC', 3340],
A23: 19 | B23: ['Palangkaraya', 'DC041', 'Direct DC', 9255],
A24: 20 | B24: ['Pontianak', 'DC042', 'Direct DC', 18499],
... A28: 24 | B28: ], columns=['Area', 'ID', 'Type', 'Demand'])
A29: 25
A30: 26 | B30: # --- 2. Data Kapasitas Kontainer ---
A31: 27 | B31: df_kapasitas = pd.DataFrame([
A32: 28 | B32: ['40FT', 2360],
A33: 29 | B33: ['Build Up', 1600],
A34: 30 | B34: ['20FT', 1160],
A35: 31 | B35: ['FUSO', 880],
A36: 32 | B36: ['CDD', 280],
A37: 33 | B37: ], columns=['Type', 'Volume'])
A38: 34
A39: 35 | B39: # --- 3. Data Biaya (Rate T&W) ---
A40: 36 | B40: df_biaya = pd.DataFrame([
A41: 37 | B41: ['Sulawesi', 'DC034', 'Makassar', 'Direct CPU', '40FT', '17000000'],
A42: 38 | B42: ['Sulawesi', 'DC032', 'Kendari', 'Direct CPU', '40FT', '28460000'],
A43: 39 | B43: ['Sulawesi', 'DC032', 'Kendari', 'Direct CPU', '20FT', '17200000'],
A44: 40 | B44: ['Sulawesi', 'DC036', 'Palu', 'Direct CPU', '40FT', '17250000'],
A45: 41 | B45: ['Sulawesi', 'DC036', 'Palu', 'Direct CPU', '20FT', '10850000'],
A46: 42 | B46: ['Sulawesi', 'DC035', 'Manado', 'Direct CPU', '40FT', '21900000'],
A47: 43 | B47: ['Sulawesi', 'DC035', 'Manado', 'Direct CPU', '20FT', '13200000'],
A48: 44 | B48: ['Kalimantan', 'DC037', 'Balikpapan', 'Direct DC', '40FT', '18628871.12'],
A49: 45 | B49: ['Kalimantan', 'DC037', 'Balikpapan', 'Direct DC', '20FT', '9803979.33'],
A50: 46 | B50: ['Kalimantan', 'DC038', 'Banjarmasin', 'Direct DC', '40FT', '14339078.77'],
... A63: 59 | B63: ], columns=['Distributor Area', 'ID', 'Area', 'Type', 'Container', 'Rate'])
A64: 60
A65: 61 | B65: # -- Preprocessing --
A66: 62 | B66: df_biaya['Rate'] = df_biaya['Rate'].astype(float)
A67: 63
A68: 64 | B68: costs = {(row['Container'], row['Area']): row['Rate'] for _, row in df_biaya.iterrows()}
A69: 65 | B69: capacity = dict(zip(df_kapasitas['Type'], df_kapasitas['Volume']))
A70: 66 | B70: demand = dict(zip(df_demand['Area'], df_demand['Demand']))
A71: 67 | B71: vehicles = df_kapasitas['Type'].tolist()
A72: 68 | B72: areas = df_demand['Area'].tolist()
A73: 69 | B73: available_combinations = list(costs.keys())
A74: 70
A75: 71 | B75: # -- Build model --
A76: 72 | B76: m = Model("Optimisasi_Pengiriman")
A77: 73 | B77: x = m.addVars(available_combinations, vtype=GRB.INTEGER, name="Jumlah_Kendaraan")
A78: 74 | B78: muatan = m.addVars(available_combinations, vtype=GRB.CONTINUOUS, name="Muatan")
A79: 75 | B79: trips = m.addVars(areas, vtype=GRB.INTEGER, name="Trips")
A80: 76
A81: 77 | B81: # Objective: Minimize total cost
A82: 78 | B82: m.setObjective(
A83: 79 | B83: quicksum(costs[v, a] * x[v, a] for v, a in available_combinations),
A84: 80 | B84: GRB.MINIMIZE
A85: 81 | B85: )
A86: 82
A87: 83 | B87: # LP Relaxation untuk Reduced Cost & Shadow Price
A88: 84 | B88: print("\n>> LP Relaxation Analysis")
A89: 85 | B89: lp_model = m.relax()
A90: 86 | B90: lp_model.optimize()
A91: 87
A92: 88 | B92: # Constraints
A93: 89 | B93: for a in areas:
A94: 90 | B94: m.addConstr(
A95: 91 | B95: quicksum(muatan[v, a] for v in vehicles if (v, a) in available_combinations) >= demand[a],
A96: 92 | B96: name=f"Demand_{a}"
A97: 93 | B97: )
A98: 94 | B98: for v, a in available_combinations:
A99: 95 | B99: m.addConstr(muatan[v, a] <= x[v, a] * capacity[v], name=f"Kapasitas_{v}_{a}")
A100: 96
A101: 97 | B101: # Optimize
A102: 98 | B102: m.optimize()
A103: 99
A104: 100 | B104: # Output
A105: 101 | B105: print("\n--- Hasil Pengiriman Optimal ---\n")
A106: 102 | B106: for v, a in available_combinations:
A107: 103 | B107: if x[v, a].X > 0:
A108: 104 | B108: print(f"{int(x[v, a].X)} kendaraan tipe {v} dikirim ke {a}, total muatan: {int(muatan[v, a].X)}")
A109: 105
A110: 106 | B110: print(f"\nTotal Biaya Pengiriman: Rp{int(m.ObjVal):,}".replace(",", "."))
A111: 107
A112: 108 | B112: # Reduced Cost & Shadow Price
A113: 109 | B113: print("\n>> Variabel dan Reduced Cost (LP Relaxation):")
A114: 110 | B114: for v in lp_model.getVars():
A115: 111 | B115: print(f"{v.VarName:25} Value = {v.X:6.2f}, Reduced Cost = {v.RC:6.2f}")
A116: 112
...

Sheet 🐍 Kode Middle Mile
A1: 🐍 KODE GUROBI — MIDDLE MILE (Direct CPU/DC → Indirect DC/Depo)
A2: Source: KODE_MIDDLE_MILE.pdf — 14 blok per hub. Tiap blok = ILP terpisah per hub.
A4: 🚚 BLOK 1: Banjarmasin → Barabai, Batu Licin, Rantau (max trip/kendaraan: 46)
A5: 1 | B5: # ============================================================
A6: 2 | B6: # Middle Mile: Banjarmasin → Barabai, Batu Licin, Rantau
A7: 3 | B7: # ============================================================
A8: 4 | B8: import gurobipy as gp
A9: 5 | B9: from gurobipy import Model, GRB, quicksum
A10: 6
A11: 7 | B11: # --- Data ---
A12: 8 | B12: kendaraan = ['CDD', 'CDE', 'GrandMax', 'Kijang']
A13: 9 | B13: daerah = ['Barabai', 'Batu Licin', 'Rantau']
A14: 10 | B14: jarak = {'Barabai': 1046.393, 'Batu Licin': 924.619, 'Rantau': 179.485}
A15: 11
A16: 12 | B16: biaya_bbm = {
A17: 13 | B17: 'CDD': {'Barabai': 246238.2, 'Batu Licin': 345288.7, 'Rantau': 160248.8},
A18: 14 | B18: 'CDE': {'Barabai': 140707.5429, 'Batu Licin': 197307.8286, 'Rantau': 91570.74286},
A19: 15 | B19: 'GrandMax': {'Barabai': 181057.5, 'Batu Licin': 253888.75, 'Rantau': 117830},
A20: 16 | B20: 'Kijang': {'Barabai': 144846, 'Batu Licin': 203111, 'Rantau': 94264},
A21: 17 | B21: }
A22: 18
A23: 19 | B23: biaya_kendaraan = {'CDD': 13853970, 'CDE': 6560843.333, 'GrandMax': 6560843.333, 'Kijang': 6560843.333}
A24: 20 | B24: kapasitas_kendaraan = {'CDD': 280, 'CDE': 200, 'GrandMax': 120, 'Kijang': 80}
A25: 21 | B25: demand = {'Barabai': 12496, 'Batu Licin': 7766, 'Rantau': 4287}
A26: 22 | B26: kapasitas_max_per_trip = 5280
A27: 23 | B27: MAX_TRIP_PER_VEHICLE = 46 # 🧑‍💼 HUMAN-CENTRIC constraint
A28: 24
A29: 25 | B29: # --- Model ---
A30: 26 | B30: m = Model("Vehicle_Optimization")
A31: 27
A32: 28 | B32: # Variabel keputusan
A33: 29 | B33: x = m.addVars(kendaraan, daerah, vtype=GRB.INTEGER, name="Vehicles") # jumlah kendaraan
A34: 30 | B34: t = m.addVars(kendaraan, daerah, vtype=GRB.INTEGER, name="Trips") # jumlah trip
A35: 31 | B35: muatan = m.addVars(kendaraan, daerah, vtype=GRB.CONTINUOUS, name="Load") # boks dikirim
A36: 32
A37: 33 | B37: # Fungsi objektif: BBM (×2 PP) + Sewa kendaraan
A38: 34 | B38: m.setObjective(quicksum(
A39: 35 | B39: biaya_bbm[k][d] * t[k, d] * 2 + biaya_kendaraan[k] * x[k, d]
A40: 36 | B40: for k in kendaraan for d in daerah
A41: 37 | B41: ), GRB.MINIMIZE)
A42: 38
A43: 39 | B43: # Constraints
A44: 40 | B44: for d in daerah:
A45: 41 | B45: m.addConstr(quicksum(muatan[k, d] for k in kendaraan) >= demand[d], f"Demand_{d}")
A46: 42
A47: 43 | B47: for k in kendaraan:
A48: 44 | B48: for d in daerah:
A49: 45 | B49: m.addConstr(muatan[k, d] <= kapasitas_max_per_trip * t[k, d], f"MaxPerTrip_{k}_{d}")
A50: 46 | B50: m.addConstr(t[k, d] <= 46 * x[k, d], f"MaxTrips_{k}_{d}") # 🧑‍💼 human-centric
A51: 47 | B51: m.addConstr(muatan[k, d] <= kapasitas_kendaraan[k] * t[k, d], f"VehicleCapacity_{k}_{d}")
A52: 48 | B52: m.addConstr(t[k, d] >= 0)
A53: 49 | B53: m.addConstr(muatan[k, d] >= 0)
A54: 50
A55: 51 | B55: # Optimasi
A56: 52 | B56: m.optimize()
A57: 53
A58: 54 | B58: # LP Relaxation untuk Reduced Cost & Shadow Price
A59: 55 | B59: lp_model = m.relax()
A60: 56 | B60: lp_model.optimize()
A61: 57
A62: 58 | B62: if m.status == GRB.OPTIMAL:
A63: 59 | B63: print("\nHasil Optimasi:")
A64: 60 | B64: total_bbm = 0
A65: 61 | B65: for k in kendaraan:
A66: 62 | B66: for d in daerah:
A67: 63 | B67: trips = int(t[k, d].x)
A68: 64 | B68: if trips > 0:
A69: 65 | B69: biaya = biaya_bbm[k][d] * trips
A70: 66 | B70: total_bbm += biaya
A71: 67 | B71: print(f"{k} ke {d}: {int(x[k,d].x)} kendaraan, {trips} trip, "
A72: 68 | B72: f"{int(muatan[k,d].x)} boks, BBM Rp{biaya:,.0f}")
A73: 69 | B73: print(f"\nTotal Biaya: Rp{m.objVal:,.0f}")
A75: 🚚 BLOK 2: Lombok → Kupang, Maumere, Sumbawa, Bima (max trip/kendaraan: 8)
A76: 1 | B76: # ============================================================
A77: 2 | B77: # Middle Mile: Lombok → Kupang, Maumere, Sumbawa, Bima
A78: 3 | B78: # ============================================================
A79: 4 | B79: import gurobipy as gp
A80: 5 | B80: from gurobipy import Model, GRB, quicksum
A81: 6
A82: 7 | B82: # --- Data ---
A83: 8 | B83: kendaraan = ['CDD', 'CDE', 'GrandMax']
A84: 9 | B84: daerah = ['Kupang', 'Maumere', 'Sumbawa', 'Bima']
A85: 10 | B85: jarak = {'Kupang': 1046.393, 'Maumere': 924.619, 'Sumbawa': 179.485, 'Bima': 440.971}
A86: 11
A87: 12 | B87: biaya_bbm = {
A88: 13 | B88: 'CDD': {'Kupang': 1778868.1, 'Maumere': 1571852.3, 'Sumbawa': 305124.5, 'Bima': 749650.7},
A89: 14 | B89: 'CDE': {'Kupang': 1016496.057, 'Maumere': 898201.3143, 'Sumbawa': 174356.8571, 'Bima': 428371.8286},
A90: 15 | B90: 'GrandMax': {'Kupang': 1307991.25, 'Maumere': 1155773.75, 'Sumbawa': 224356.25, 'Bima': 551213.75},
A91: 16 | B91: }
A92: 17
A93: 18 | B93: biaya_kendaraan = {'CDD': 6900000, 'CDE': 5500000, 'GrandMax': 3500000}
A94: 19 | B94: kapasitas_kendaraan = {'CDD': 280, 'CDE': 200, 'GrandMax': 120}
A95: 20 | B95: demand = {'Kupang': 8540, 'Maumere': 2709, 'Sumbawa': 3519, 'Bima': 5783}
A96: 21 | B96: kapasitas_max_per_trip = 1600
A97: 22 | B97: MAX_TRIP_PER_VEHICLE = 8 # 🧑‍💼 HUMAN-CENTRIC constraint
A98: 23
A99: 24 | B99: # --- Model ---
A100: 25 | B100: m = Model("Vehicle_Optimization")
A101: 26
A102: 27 | B102: # Variabel keputusan
...

Sheet Volume Container
B3: Type | C3: Volume | D3: m^3 | E3: Container (m) | F3: Gudang (m)
B4: 40FT | C4: 2360 | D4: 67 | E4: =D4^(1/3) -> 4.0615481 | F4: =SQRT(50000) -> 223.6068
B5: Build Up | C5: 1600
B6: 20FT | C6: 1160 | D6: 33
B7: FUSO | C7: 880
B8: CDD | C8: 280 | D8: 25
C10: 4623

Sheet Sulawesi
B3: Sulawesi | F3: 28495.968 | G3: Denpasar | H3: DC031 | I3: Direct CPU
B4: Wilayah | C4: Rerata Jarak | D4: Rerata Permintaan (boks/bulan) | F4: 6252 | G4: Kendari | H4: DC032 | I4: Direct CPU
B5: Amurang | C5: 18.071 | D5: 1729 | F5: 17215.408 | G5: Lombok | H5: DC033 | I5: Direct CPU
B6: Barru | C6: 10.64 | D6: 967 | F6: 8800 | G6: Makassar | H6: DC034 | I6: Direct CPU
B7: Bau-Bau | C7: 6.173 | D7: 2724 | F7: 6680 | G7: Manado | H7: DC035 | I7: Direct CPU
B8: Belopa | C8: 15.274 | D8: 1924 | F8: 7491 | G8: Palu | H8: DC036 | I8: Direct CPU
B9: Bitung | C9: 5.865 | D9: 2269
B10: Bone | C10: 15.975 | D10: 2871
B11: Bulukumba | C11: 26.986 | D11: 2549
B12: Gorontalo | C12: 14.201 | D12: 8017 | E12: =D12+D23 -> 10689
B13: Gowa | C13: 5.041 | D13: 11369
B14: Jeneponto | C14: 14.578 | D14: 2561
B15: Kendari | C15: 20.571 | D15: 6252 | E15: =D15+D7+D36+D16 -> 14736
B16: Kolaka | C16: 24.391 | D16: 3579
B17: Kotamobagu | C17: 8.049 | D17: 3692
B18: Luwuk | C18: 23.142 | D18: 9643
B19: Makassar | C19: 7.096 | D19: 8800 | E19: =D19+D11+D13+D14+D26+D32+D33+D10+D20+E24+E27 -> 62670
B20: Mamuju | C20: 16.957 | D20: 2902
B21: Manado | C21: 4.926 | D21: 6680 | E21: =D21+D9+D17+D34+E12 -> 25418
B22: Mangkutana | C22: 26.27 | D22: 4425
B23: Marisa | C23: 27.272 | D23: 2672
B24: Palopo | C24: 20.835 | D24: 3259 | E24: =D24+D8+D22+D35 -> 13393
B25: Palu | C25: 13.601 | D25: 7491 | E25: =D25+D30+D28+D18+D20 -> 23275
B26: Pangkep | C26: 8.625 | D26: 1826
B27: Pare-Pare | C27: 13.502 | D27: 5309 | E27: =D27+D6+D29+D31 -> 13252
B28: Parigi | C28: 20.277 | D28: 1223
B29: Polman | C29: 18.043 | D29: 3422
B30: Poso | C30: 20.928 | D30: 2016
B31: Sengkang | C31: 12.315 | D31: 3554
B32: Sinjai | C32: 10.669 | D32: 1169
B33: Takalar | C33: 5.803 | D33: 1978
B34: Tomohon | C34: 9.416 | D34: 2088
B35: Toraja | C35: 10.754 | D35: 3785
B36: Unaaha | C36: 23.65 | D36: 2181
B37: Grand Total | D37: =SUM(D4:D36) -> 124926

Sheet Kalimantan
B3: East Kalimantan(Customer POV)
B4: Wilayah | C4: Rerata Jarak | D4: Rerata Permintaan (boks/bulan)
B5: Ampah-Teweh | C5: 43.736 | D5: 4623
B6: Balikpapan | C6: 8.932 | D6: 16518 | E6: =D6+D16 -> 21193
B7: Banjarmasin | C7: 15.382 | D7: 22620 | E7: =D7+D8+D9+D17 -> 47169
B8: Barabai | C8: 31.066 | D8: 12496
B9: Batulicin | C9: 24.878 | D9: 7766
B10: Berau | C10: 38.022 | D10: 2879
B11: Bontang | C11: 3.592 | D11: 2010 | E11: =D11+D12 -> 3340
B12: Bontang-Sangata | C12: 3.514 | D12: 1330 | G12: 16518 | H12: Balikpapan | I12: DC037 | J12: Direct DC
B13: Ketapang | C13: 89.228 | D13: 208 | G13: 22620 | H13: Banjarmasin | I13: DC038 | J13: Direct DC
B14: Palangkaraya | C14: 9.204 | D14: 4632 | E14: =D14+D5 -> 9255 | G14: 2879 | H14: Berau | I14: DC039 | J14: Direct DC
B15: Pangkalanbun | C15: 8.186 | D15: 6285 | G15: 2010 | H15: Bontang | I15: DC040 | J15: Direct DC
B16: Penajam-Grogot | C16: 16.072 | D16: 4675 | G16: 4632 | H16: Palangkaraya | I16: DC041 | J16: Direct DC
B17: Rantau | C17: 13.288 | D17: 4287 | G17: 8377 | H17: Pontianak | I17: DC042 | J17: Direct DC
B18: Samarinda | C18: 9.821 | D18: 11295 | E18: =D18 -> 11295 | G18: 11295 | H18: Samarinda | I18: DC043 | J18: Direct DC
B19: Sampit | C19: 9.238 | D19: 4316 | E19: =D19+D15 -> 10601 | G19: 4316 | H19: Sampit | I19: DC044 | J19: Direct DC
B20: Sintang | C20: 301.356 | D20: 3 | G20: 12523 | H20: Tarakan | I20: DC045 | J20: Direct DC
B21: Tarakan | C21: 58.425 | D21: 12523 | E21: =D21 -> 12523
B22: West Kalimantan(Customer POV)
B23: Ketapang | C23: 73.283 | D23: 3105
B24: Pontianak | C24: 17.383 | D24: 8377 | E24: =D24+D25+D23+D26+D20+D13 -> 18499
B25: Singkawang | C25: 17.646 | D25: 3964
B26: Sintang | C26: 143.478 | D26: 2842
B27: Grand Total | D27: =SUM(D4:D26) -> 136754

Sheet BaliNusra
B3: BaliNusra
B4: Wilayah | C4: Rerata Jarak | D4: Rerata Permintaan (boks/bulan)
B5: BIMA | C5: 38.065991 | D5: =ROUNDUP(5782.422,0) -> 5783
B6: Denpasar | C6: 28.448189 | D6: =ROUNDUP(28495.968,0) -> 28496
B7: Kupang | C7: 58.323777 | D7: =ROUNDUP(8539.297,0) -> 8540
B8: Lombok | C8: 20.492709 | D8: =ROUNDUP(17215.408,0) -> 17216 | E8: =D8+D10+D5 -> 26518
B9: Maumere | C9: 30.513052 | D9: =ROUNDUP(2708.272,0) -> 2709
B10: Sumbawa | C10: 25.326844 | D10: =ROUNDUP(3518.842,0) -> 3519
B11: Grand Total | D11: =SUM(D5:D10) -> 66263
D27: =Sulawesi!D37+Kalimantan!D27+D11 -> 327943

Sheet Rate T&W
B3: Distributor Area | C3: ID | D3: Area | E3: Type | F3: Container | G3: Rate
B4: Bali Nusra | C4: DC031 | D4: Denpasar | E4: Direct CPU | F4: Build Up | G4: 12150000
B5: Bali Nusra | C5: DC031 | D5: Denpasar | E5: Direct CPU | F5: FUSO | G5: 8700000
B6: Bali Nusra | C6: DC033 | D6: Lombok | E6: Direct CPU | F6: Build Up | G6: 21440000
B7: Bali Nusra | C7: DC033 | D7: Lombok | E7: Direct CPU | F7: FUSO | G7: 16240000
B8: Bali Nusra | C8: DC033 | D8: Lombok | E8: Direct CPU | F8: CDD | G8: 12100000
B9: Sulawesi | C9: DC034 | D9: Makassar | E9: Direct CPU | F9: 40FT | G9: 17000000
B10: Sulawesi | C10: DC032 | D10: Kendari | E10: Direct CPU | F10: 40FT | G10: 28460000
B11: Sulawesi | C11: DC032 | D11: Kendari | E11: Direct CPU | F11: 20FT | G11: 17200000
B12: Sulawesi | C12: DC036 | D12: Palu | E12: Direct CPU | F12: 40FT | G12: 17250000
B13: Sulawesi | C13: DC036 | D13: Palu | E13: Direct CPU | F13: 20FT | G13: 10850000
B14: Sulawesi | C14: DC035 | D14: Manado | E14: Direct CPU | F14: 40FT | G14: 21900000
B15: Sulawesi | C15: DC035 | D15: Manado | E15: Direct CPU | F15: 20FT | G15: 13200000
... B30: Kalimantan | C30: DC045 | D30: Tarakan | E30: Direct DC | F30: 20FT | G30: 16174145

Sheet Total Biaya First Mile
B1: 💰 TOTAL BIAYA FIRST MILE — Karawang → Direct CPU / Direct DC
B2: Karawang ngirim cukup buat LOCAL + FORWARD ke Indirect DC/Depo. Jadi yang dikirim = THROUGHPUT bukan local demand doang.
B4: DC ID | C4: Area | D4: Type | E4: Local Demand | F4: Forward (Middle Mile) | G4: Throughput (=Local+Fwd) | H4: Mix Container Optimal | I4: Trips | J4: Total Biaya (Rp)
B5: DC031 | C5: Denpasar | D5: Direct CPU | E5: 28496 | F5: 0 | G5: 28496 | H5: 18× Build Up | I5: 18 | J5: 218700000
B6: DC033 | C6: Lombok | D6: Direct CPU | E6: 17216 | F6: 20551 | G6: 37767 | H6: 24× Build Up | I6: 24 | J6: 514560000
B7: DC032 | C7: Kendari | D7: Direct CPU | E7: 6252 | F7: 8484 | G7: 14736 | H7: 6× 40FT + 1× 20FT | I7: 7 | J7: 187960000
B8: DC034 | C8: Makassar | D8: Direct CPU | E8: 8800 | F8: 53870 | G8: 62670 | H8: 27× 40FT | I8: 27 | J8: 459000000
B9: DC035 | C9: Manado | D9: Direct CPU | E9: 6680 | F9: 18738 | G9: 25418 | H9: 11× 40FT | I9: 11 | J9: 240900000
B10: DC036 | C10: Palu | D10: Direct CPU | E10: 7491 | F10: 15784 | G10: 23275 | H10: 10× 40FT | I10: 10 | J10: 172500000
B11: DC037 | C11: Balikpapan | D11: Direct DC | E11: 16518 | F11: 4675 | G11: 21193 | H11: 9× 40FT | I11: 9 | J11: 1.6765984e+08
B12: DC038 | C12: Banjarmasin | D12: Direct DC | E12: 22620 | F12: 24549 | G12: 47169 | H12: 20× 40FT | I12: 20 | J12: 2.8678158e+08
B13: DC039 | C13: Berau | D13: Direct DC | E13: 2879 | F13: 0 | G13: 2879 | H13: 3× 20FT | I13: 3 | J13: 45217348
B14: DC040 | C14: Bontang | D14: Direct DC | E14: 2010 | F14: 1330 | G14: 3340 | H14: 3× 20FT | I14: 3 | J14: 53910446
B15: DC041 | C15: Palangkaraya | D15: Direct DC | E15: 4632 | F15: 4623 | G15: 9255 | H15: 4× 40FT | I15: 4 | J15: 91691106
B16: DC042 | C16: Pontianak | D16: Direct DC | E16: 8377 | F16: 10122 | G16: 18499 | H16: 8× 40FT | I16: 8 | J16: 1.3824391e+08
... B19: DC045 | C19: Tarakan | D19: Direct DC | E19: 12523 | F19: 0 | G19: 12523 | H19: 5× 40FT + 1× 20FT | I19: 6 | J19: 1.5683844e+08
B20: GRAND TOTAL FIRST MILE (Z₁ optimal, per bulan) | J20: =SUM(J5:J19) -> 2.9693142e+09
B22: 💡 PENJELASAN: Local Demand vs Throughput
B23: • LOCAL DEMAND (kolom E) = kebutuhan boks bulanan DC tersebut SAJA. Sumber: Tabel 3.8 Laporan.
B24: • FORWARD (kolom F) = boks yang DC ini akan terusin ke Indirect DC/Depo via Middle Mile.
B25: • THROUGHPUT (kolom G) = Local + Forward = total yang Karawang ngirim ke DC ini.
B26: • Biaya First Mile dihitung berdasar THROUGHPUT (kolom G), karena itu yang real dikirim.
B27: • Mix container OPTIMAL = solusi ILP per DC (minimize cost, satisfy throughput, capacity ≤ x×c).
B28: • Total per BULAN. Untuk per tahun, kalikan 12.

Sheet Biaya Variable KendaraanTrip ti
E1: Biaya BBM/Trip | I1: Rate(Biaya/Kapasitas Volume)/1 Perjalanan | N1: Biaya BBM | S1: Type | T1: Volume | U1: Harga BBM | V1: Petrol Consumption (Rasio BBM) | W1: Harga Bahan Bakar/KM
A2: Kepulauan | B2: Daerah Asal | C2: Tujuan | D2: Jarak | E2: {=TRANSPOSE(S2:S5)} -> CDD | F2: CDE | G2: GrandMax | H2: Kijang | I2: {=TRANSPOSE(S2:S5)} -> CDD | J2: CDE | K2: GrandMax | L2: Kijang | N2: Harga Solar | O2: 6800 | S2: CDD | T2: 280 | V2: 4 | W2: =6800/4 -> 1700 | Y2: Harga Solar | Z2: 6800
N3: Harga Pertalite | O3: 10000 | P3: Cek BBM TERENDAH | R3: Cek RATE Terendah | S3: CDE | T3: 200 | V3: 7 | W3: =6800/7 -> 971.42857 | Y3: Harga Pertalite | Z3: 10000
A4: Bali Nusra | B4: Lombok | C4: Kupang | D4: 1046.393 | E4: =$D$4/$V$2*6800 -> 1778868.1 | F4: =$D$4/$V$3*6800 -> 1016496.1 | G4: =$D$4/$V$4*10000 -> 1307991.2 | H4: =$D$4/$V$5*10000 -> 1046393 | I4: =E4/$T$2 -> 6353.1004 | J4: =F4/$T$3 -> 5082.4803 | K4: =G4/$T$4 -> 10899.927 | L4: =H4/$T$5 -> 13079.913 | P4: =MIN(E4:H4) -> 1016496.1 | Q4: CDE | R4: =MIN(I4:L4) -> 5082.4803 | S4: GrandMax | T4: 120 | V4: 8 | W4: =10000/4 -> 2500
C5: Maumere | D5: 924.619 | E5: =D5/$V$2*6800 -> 1571852.3 | F5: =D5/$V$3*6800 -> 898201.31 | G5: =D5/$V$4*10000 -> 1155773.8 | H5: =D5/$V$5*10000 -> 924619 | I5: =E5/$T$2 -> 5613.7582 | J5: =F5/$T$3 -> 4491.0066 | K5: =G5/$T$4 -> 9631.4479 | L5: =H5/$T$5 -> 11557.737 | P5: =MIN(E5:H5) -> 898201.31 | Q5: CDE | R5: =MIN(I5:L5) -> 4491.0066 | S5: Kijang | T5: 80 | V5: 10 | W5: =10000/10 -> 1000
C6: Sumbawa | D6: 179.485 | E6: =D6/$V$2*6800 -> 305124.5 | F6: =D6/$V$3*6800 -> 174356.86 | G6: =D6/$V$4*10000 -> 224356.25 | H6: =D6/$V$5*10000 -> 179485 | I6: =E6/$T$2 -> 1089.7304 | J6: =F6/$T$3 -> 871.78429 | K6: =G6/$T$4 -> 1869.6354 | L6: =H6/$T$5 -> 2243.5625 | P6: =MIN(E6:H6) -> 174356.86 | Q6: CDE | R6: =MIN(I6:L6) -> 871.78429 | S6: Motorbike | T6: 5 | V6: 15 | W6: =10000/15 -> 666.66667
D7: 440.971 | E7: =D7/$V$2*6800 -> 749650.7 | F7: =D7/$V$3*6800 -> 428371.83 | G7: =D7/$V$4*10000 -> 551213.75 | H7: =D7/$V$5*10000 -> 440971 | I7: =E7/$T$2 -> 2677.3239 | J7: =F7/$T$3 -> 2141.8591 | K7: =G7/$T$4 -> 4593.4479 | L7: =H7/$T$5 -> 5512.1375 | S7: https://drive.google.com/file/d/16zUUoSwMh_7Tqi-kTA__gdN4c5aFTCR9/view?usp=drive_link
A8: Kalimantan | B8: Balikpapan | C8: Penajam-Grogot | D8: 161.958 | E8: =D8/$V$2*6800 -> 275328.6 | F8: =D8/$V$3*6800 -> 157330.63 | G8: =D8/$V$4*10000 -> 202447.5 | H8: =D8/$V$5*10000 -> 161958 | I8: =E8/$T$2 -> 983.31643 | J8: =F8/$T$3 -> 786.65314 | K8: =G8/$T$4 -> 1687.0625 | L8: =H8/$T$5 -> 2024.475 | P8: =MIN(E8:H8) -> 157330.63 | Q8: CDE | R8: =MIN(I8:L8) -> 786.65314
A9: Kalimantan | B9: Banjarmasin | C9: Barabai | D9: 144.846 | E9: =D9/$V$2*6800 -> 246238.2 | F9: =D9/$V$3*6800 -> 140707.54 | G9: =D9/$V$4*10000 -> 181057.5 | H9: =D9/$V$5*10000 -> 144846 | I9: =E9/$T$2 -> 879.42214 | J9: =F9/$T$3 -> 703.53771 | K9: =G9/$T$4 -> 1508.8125 | L9: =H9/$T$5 -> 1810.575 | P9: =MIN(E9:H9) -> 140707.54 | Q9: CDE | R9: =MIN(I9:L9) -> 703.53771
C10: Batulicin | D10: 203.111 | E10: =D10/$V$2*6800 -> 345288.7 | F10: =D10/$V$3*6800 -> 197307.83 | G10: =D10/$V$4*10000 -> 253888.75 | H10: =D10/$V$5*10000 -> 203111 | I10: =E10/$T$2 -> 1233.1739 | J10: =F10/$T$3 -> 986.53914 | K10: =G10/$T$4 -> 2115.7396 | L10: =H10/$T$5 -> 2538.8875 | P10: =MIN(E10:H10) -> 197307.83 | Q10: CDE | R10: =MIN(I10:L10) -> 986.53914
C11: Rantau | D11: 94.264 | E11: =D11/$V$2*6800 -> 160248.8 | F11: =D11/$V$3*6800 -> 91570.743 | G11: =D11/$V$4*10000 -> 117830 | H11: =D11/$V$5*10000 -> 94264 | I11: =E11/$T$2 -> 572.31714 | J11: =F11/$T$3 -> 457.85371 | K11: =G11/$T$4 -> 981.91667 | L11: =H11/$T$5 -> 1178.3 | P11: =MIN(E11:H11) -> 91570.743 | Q11: CDE | R11: =MIN(I11:L11) -> 457.85371
A12: Kalimantan | B12: Bontang | C12: Bontang-Sangata | D12: 59.2 | E12: =D12/$V$2*6800 -> 100640 | F12: =D12/$V$3*6800 -> 57508.571 | G12: =D12/$V$4*10000 -> 74000 | H12: =D12/$V$5*10000 -> 59200 | I12: =E12/$T$2 -> 359.42857 | J12: =F12/$T$3 -> 287.54286 | K12: =G12/$T$4 -> 616.66667 | L12: =H12/$T$5 -> 740 | P12: =MIN(E12:H12) -> 57508.571 | Q12: CDE | R12: =MIN(I12:L12) -> 287.54286
A13: Kalimantan | B13: Palangkaraya | C13: Ampah | D13: 343.092 | E13: =D13/$V$2*6800 -> 583256.4 | F13: =D13/$V$3*6800 -> 333289.37 | G13: =D13/$V$4*10000 -> 428865 | H13: =D13/$V$5*10000 -> 343092 | I13: =E13/$T$2 -> 2083.0586 | J13: =F13/$T$3 -> 1666.4469 | K13: =G13/$T$4 -> 3573.875 | L13: =H13/$T$5 -> 4288.65 | P13: =MIN(E13:H13) -> 333289.37 | Q13: CDE | R13: =MIN(I13:L13) -> 1666.4469
A14: Kalimantan | B14: Pontianak | C14: Ketapang | D14: 352.4 | E14: =D14/$V$2*6800 -> 599080 | F14: =D14/$V$3*6800 -> 342331.43 | G14: =D14/$V$4*10000 -> 440500 | H14: =D14/$V$5*10000 -> 352400 | I14: =E14/$T$2 -> 2139.5714 | J14: =F14/$T$3 -> 1711.6571 | K14: =G14/$T$4 -> 3670.8333 | L14: =H14/$T$5 -> 4405 | P14: =MIN(E14:H14) -> 342331.43 | Q14: CDE | R14: =MIN(I14:L14) -> 1711.6571
C15: Singkawang | D15: 151 | E15: =D15/$V$2*6800 -> 256700 | F15: =D15/$V$3*6800 -> 146685.71 | G15: =D15/$V$4*10000 -> 188750 | H15: =D15/$V$5*10000 -> 151000 | I15: =E15/$T$2 -> 916.78571 | J15: =F15/$T$3 -> 733.42857 | K15: =G15/$T$4 -> 1572.9167 | L15: =H15/$T$5 -> 1887.5 | P15: =MIN(E15:H15) -> 146685.71 | Q15: CDE | R15: =MIN(I15:L15) -> 733.42857
C16: Sintang | D16: 321 | E16: =D16/$V$2*6800 -> 545700 | F16: =D16/$V$3*6800 -> 311828.57 | G16: =D16/$V$4*10000 -> 401250 | H16: =D16/$V$5*10000 -> 321000 | I16: =E16/$T$2 -> 1948.9286 | J16: =F16/$T$3 -> 1559.1429 | K16: =G16/$T$4 -> 3343.75 | L16: =H16/$T$5 -> 4012.5 | P16: =MIN(E16:H16) -> 311828.57 | Q16: CDE | R16: =MIN(I16:L16) -> 1559.1429
A17: Kalimantan | B17: Sampit | C17: Pangkalanbun | D17: 212.077 | E17: =$D$4/$V$2*6800 -> 1778868.1 | F17: =$D$4/$V$3*6800 -> 1016496.1 | G17: =$D$4/$V$4*10000 -> 1307991.2 | H17: =$D$4/$V$5*10000 -> 1046393 | I17: =E17/$T$2 -> 6353.1004 | J17: =F17/$T$3 -> 5082.4803 | K17: =G17/$T$4 -> 10899.927 | L17: =H17/$T$5 -> 13079.913 | P17: =MIN(E17:H17) -> 1016496.1 | Q17: CDE | R17: =MIN(I17:L17) -> 5082.4803
A18: Sulawesi | B18: Kendari | C18: Kolaka | D18: 154.22 | E18: =D18/$V$2*6800 -> 262174 | F18: =D18/$V$3*6800 -> 149813.71 | G18: =D18/$V$4*10000 -> 192775 | H18: =D18/$V$5*10000 -> 154220 | I18: =E18/$T$2 -> 936.33571 | J18: =F18/$T$3 -> 749.06857 | K18: =G18/$T$4 -> 1606.4583 | L18: =H18/$T$5 -> 1927.75 | P18: =MIN(E18:H18) -> 149813.71 | Q18: CDE | R18: =MIN(I18:L18) -> 749.06857
C19: Unaaha | D19: 13.78 | E19: =D19/$V$2*6800 -> 23426 | F19: =D19/$V$3*6800 -> 13386.286 | G19: =D19/$V$4*10000 -> 17225 | H19: =D19/$V$5*10000 -> 13780 | I19: =E19/$T$2 -> 83.664286 | J19: =F19/$T$3 -> 66.931429 | K19: =G19/$T$4 -> 143.54167 | L19: =H19/$T$5 -> 172.25 | P19: =MIN(E19:H19) -> 13386.286 | Q19: CDE | R19: =MIN(I19:L19) -> 66.931429
C20: Bau Bau | D20: 275.58 | E20: =D20/$V$2*6800 -> 468486 | F20: =D20/$V$3*6800 -> 267706.29 | G20: =D20/$V$4*10000 -> 344475 | H20: =D20/$V$5*10000 -> 275580 | I20: =E20/$T$2 -> 1673.1643 | J20: =F20/$T$3 -> 1338.5314 | K20: =G20/$T$4 -> 2870.625 | L20: =H20/$T$5 -> 3444.75 | P20: =MIN(E20:H20) -> 267706.29 | Q20: CDE | R20: =MIN(I20:L20) -> 1338.5314
A21: Sulawesi | B21: Manado | C21: Amurang | D21: 55.4 | E21: =D21/$V$2*6800 -> 94180 | F21: =D21/$V$3*6800 -> 53817.143 | G21: =D21/$V$4*10000 -> 69250 | H21: =D21/$V$5*10000 -> 55400 | I21: =E21/$T$2 -> 336.35714 | J21: =F21/$T$3 -> 269.08571 | K21: =G21/$T$4 -> 577.08333 | L21: =H21/$T$5 -> 692.5 | P21: =MIN(E21:H21) -> 53817.143 | Q21: CDE | R21: =MIN(I21:L21) -> 269.08571
C22: Bitung | D22: 47.8 | E22: =D22/$V$2*6800 -> 81260 | F22: =D22/$V$3*6800 -> 46434.286 | G22: =D22/$V$4*10000 -> 59750 | H22: =D22/$V$5*10000 -> 47800 | I22: =E22/$T$2 -> 290.21429 | J22: =F22/$T$3 -> 232.17143 | K22: =G22/$T$4 -> 497.91667 | L22: =H22/$T$5 -> 597.5 | P22: =MIN(E22:H22) -> 46434.286 | Q22: CDE | R22: =MIN(I22:L22) -> 232.17143
C23: Kotamobagu | D23: 170.45 | E23: =D23/$V$2*6800 -> 289765 | F23: =D23/$V$3*6800 -> 165580 | G23: =D23/$V$4*10000 -> 213062.5 | H23: =D23/$V$5*10000 -> 170450 | I23: =E23/$T$2 -> 1034.875 | J23: =F23/$T$3 -> 827.9 | K23: =G23/$T$4 -> 1775.5208 | L23: =H23/$T$5 -> 2130.625 | P23: =MIN(E23:H23) -> 165580 | Q23: CDE | R23: =MIN(I23:L23) -> 827.9
C24: Tomohon | D24: 35.19 | E24: =D24/$V$2*6800 -> 59823 | F24: =D24/$V$3*6800 -> 34184.571 | G24: =D24/$V$4*10000 -> 43987.5 | H24: =D24/$V$5*10000 -> 35190 | I24: =E24/$T$2 -> 213.65357 | J24: =F24/$T$3 -> 170.92286 | K24: =G24/$T$4 -> 366.5625 | L24: =H24/$T$5 -> 439.875 | P24: =MIN(E24:H24) -> 34184.571 | Q24: CDE | R24: =MIN(I24:L24) -> 170.92286
C25: Gorontalo | D25: 396.91 | E25: =D25/$V$2*6800 -> 674747 | F25: =D25/$V$3*6800 -> 385569.71 | G25: =D25/$V$4*10000 -> 496137.5 | H25: =D25/$V$5*10000 -> 396910 | I25: =E25/$T$2 -> 2409.8107 | J25: =F25/$T$3 -> 1927.8486 | K25: =G25/$T$4 -> 4134.4792 | L25: =H25/$T$5 -> 4961.375 | P25: =MIN(E25:H25) -> 385569.71 | Q25: CDE | R25: =MIN(I25:L25) -> 1927.8486
A26: Sulawesi | B26: Makassar | C26: Bulukumba | D26: 200 | E26: =D26/$V$2*6800 -> 340000 | F26: =D26/$V$3*6800 -> 194285.71 | G26: =D26/$V$4*10000 -> 250000 | H26: =D26/$V$5*10000 -> 200000 | I26: =E26/$T$2 -> 1214.2857 | J26: =F26/$T$3 -> 971.42857 | K26: =G26/$T$4 -> 2083.3333 | L26: =H26/$T$5 -> 2500 | P26: =MIN(E26:H26) -> 194285.71 | Q26: CDE | R26: =MIN(I26:L26) -> 971.42857
C27: Gowa | D27: 16.37 | E27: =D27/$V$2*6800 -> 27829 | F27: =D27/$V$3*6800 -> 15902.286 | G27: =D27/$V$4*10000 -> 20462.5 | H27: =D27/$V$5*10000 -> 16370 | I27: =E27/$T$2 -> 99.389286 | J27: =F27/$T$3 -> 79.511429 | K27: =G27/$T$4 -> 170.52083 | L27: =H27/$T$5 -> 204.625 | P27: =MIN(E27:H27) -> 15902.286 | Q27: CDE | R27: =MIN(I27:L27) -> 79.511429
C28: Jeneponto | D28: 97.42 | E28: =D28/$V$2*6800 -> 165614 | F28: =D28/$V$3*6800 -> 94636.571 | G28: =D28/$V$4*10000 -> 121775 | H28: =D28/$V$5*10000 -> 97420 | I28: =E28/$T$2 -> 591.47857 | J28: =F28/$T$3 -> 473.18286 | K28: =G28/$T$4 -> 1014.7917 | L28: =H28/$T$5 -> 1217.75 | P28: =MIN(E28:H28) -> 94636.571 | Q28: CDE | R28: =MIN(I28:L28) -> 473.18286
C29: Pangkep | D29: 55.23 | E29: =D29/$V$2*6800 -> 93891 | F29: =D29/$V$3*6800 -> 53652 | G29: =D29/$V$4*10000 -> 69037.5 | H29: =D29/$V$5*10000 -> 55230 | I29: =E29/$T$2 -> 335.325 | J29: =F29/$T$3 -> 268.26 | K29: =G29/$T$4 -> 575.3125 | L29: =H29/$T$5 -> 690.375 | P29: =MIN(E29:H29) -> 53652 | Q29: CDE | R29: =MIN(I29:L29) -> 268.26
C30: Takalar | D30: 41.33 | E30: =D30/$V$2*6800 -> 70261 | F30: =D30/$V$3*6800 -> 40149.143 | G30: =D30/$V$4*10000 -> 51662.5 | H30: =D30/$V$5*10000 -> 41330 | I30: =E30/$T$2 -> 250.93214 | J30: =F30/$T$3 -> 200.74571 | K30: =G30/$T$4 -> 430.52083 | L30: =H30/$T$5 -> 516.625 | P30: =MIN(E30:H30) -> 40149.143 | Q30: CDE | R30: =MIN(I30:L30) -> 200.74571
C31: Bone | D31: 194.85 | E31: =D31/$V$2*6800 -> 331245 | F31: =D31/$V$3*6800 -> 189282.86 | G31: =D31/$V$4*10000 -> 243562.5 | H31: =D31/$V$5*10000 -> 194850 | I31: =E31/$T$2 -> 1183.0179 | J31: =F31/$T$3 -> 946.41429 | K31: =G31/$T$4 -> 2029.6875 | L31: =H31/$T$5 -> 2435.625 | P31: =MIN(E31:H31) -> 189282.86 | Q31: CDE | R31: =MIN(I31:L31) -> 946.41429
C32: Palopo | D32: 375.38 | E32: =D32/$V$2*6800 -> 638146 | F32: =D32/$V$3*6800 -> 364654.86 | G32: =D32/$V$4*10000 -> 469225 | H32: =D32/$V$5*10000 -> 375380 | I32: =E32/$T$2 -> 2279.0929 | J32: =F32/$T$3 -> 1823.2743 | K32: =G32/$T$4 -> 3910.2083 | L32: =H32/$T$5 -> 4692.25 | P32: =MIN(E32:H32) -> 364654.86 | Q32: CDE | R32: =MIN(I32:L32) -> 1823.2743
C33: Pare-Pare | D33: 162.64 | E33: =D33/$V$2*6800 -> 276488 | F33: =D33/$V$3*6800 -> 157993.14 | G33: =D33/$V$4*10000 -> 203300 | H33: =D33/$V$5*10000 -> 162640 | I33: =E33/$T$2 -> 987.45714 | J33: =F33/$T$3 -> 789.96571 | K33: =G33/$T$4 -> 1694.1667 | L33: =H33/$T$5 -> 2033 | P33: =MIN(E33:H33) -> 157993.14 | Q33: CDE | R33: =MIN(I33:L33) -> 789.96571
C34: Sinjai | D34: 224.38 | E34: =D34/$V$2*6800 -> 381446 | F34: =D34/$V$3*6800 -> 217969.14 | G34: =D34/$V$4*10000 -> 280475 | H34: =D34/$V$5*10000 -> 224380 | I34: =E34/$T$2 -> 1362.3071 | J34: =F34/$T$3 -> 1089.8457 | K34: =G34/$T$4 -> 2337.2917 | L34: =H34/$T$5 -> 2804.75 | P34: =MIN(E34:H34) -> 217969.14 | Q34: CDE | R34: =MIN(I34:L34) -> 1089.8457
A35: Sulawesi | B35: Palu | C35: Parigi | D35: 71.72 | E35: =D35/$V$2*6800 -> 121924 | F35: =D35/$V$3*6800 -> 69670.857 | G35: =D35/$V$4*10000 -> 89650 | H35: =D35/$V$5*10000 -> 71720 | I35: =E35/$T$2 -> 435.44286 | J35: =F35/$T$3 -> 348.35429 | K35: =G35/$T$4 -> 747.08333 | L35: =H35/$T$5 -> 896.5 | P35: =MIN(E35:H35) -> 69670.857 | Q35: CDE | R35: =MIN(I35:L35) -> 348.35429
C36: Luwuk | D36: 589.5 | E36: =D36/$V$2*6800 -> 1002150 | F36: =D36/$V$3*6800 -> 572657.14 | G36: =D36/$V$4*10000 -> 736875 | H36: =D36/$V$5*10000 -> 589500 | I36: =E36/$T$2 -> 3579.1071 | J36: =F36/$T$3 -> 2863.2857 | K36: =G36/$T$4 -> 6140.625 | L36: =H36/$T$5 -> 7368.75 | P36: =MIN(E36:H36) -> 572657.14 | Q36: CDE | R36: =MIN(I36:L36) -> 2863.2857
C37: Mamuju | D37: 406.82 | E37: =D37/$V$2*6800 -> 691594 | F37: =D37/$V$3*6800 -> 395196.57 | G37: =D37/$V$4*10000 -> 508525 | H37: =D37/$V$5*10000 -> 406820 | I37: =E37/$T$2 -> 2469.9786 | J37: =F37/$T$3 -> 1975.9829 | K37: =G37/$T$4 -> 4237.7083 | L37: =H37/$T$5 -> 5085.25 | P37: =MIN(E37:H37) -> 395196.57 | Q37: CDE | R37: =MIN(I37:L37) -> 1975.9829
C38: Poso | D38: 206.67 | E38: =D38/$V$2*6800 -> 351339 | F38: =D38/$V$3*6800 -> 200765.14 | G38: =D38/$V$4*10000 -> 258337.5 | H38: =D38/$V$5*10000 -> 206670 | I38: =E38/$T$2 -> 1254.7821 | J38: =F38/$T$3 -> 1003.8257 | K38: =G38/$T$4 -> 2152.8125 | L38: =H38/$T$5 -> 2583.375 | P38: =MIN(E38:H38) -> 200765.14 | Q38: CDE | R38: =MIN(I38:L38) -> 1003.8257
A39: Sulawesi | B39: Gorontalo | C39: Marissa | D39: 134.66 | E39: =D39/$V$2*6800 -> 228922 | F39: =D39/$V$3*6800 -> 130812.57 | G39: =D39/$V$4*10000 -> 168325 | H39: =D39/$V$5*10000 -> 134660 | I39: =E39/$T$2 -> 817.57857 | J39: =F39/$T$3 -> 654.06286 | K39: =G39/$T$4 -> 1402.7083 | L39: =H39/$T$5 -> 1683.25 | P39: =MIN(E39:H39) -> 130812.57 | Q39: CDE | R39: =MIN(I39:L39) -> 654.06286
A40: Sulawesi | B40: Palopo | C40: Belopa | D40: 49.98 | E40: =D40/$V$2*6800 -> 84966 | F40: =D40/$V$3*6800 -> 48552 | G40: =D40/$V$4*10000 -> 62475 | H40: =D40/$V$5*10000 -> 49980 | I40: =E40/$T$2 -> 303.45 | J40: =F40/$T$3 -> 242.76 | K40: =G40/$T$4 -> 520.625 | L40: =H40/$T$5 -> 624.75 | P40: =MIN(E40:H40) -> 48552 | Q40: CDE | R40: =MIN(I40:L40) -> 242.76
C41: Mangkutana | D41: 138.45 | E41: =D41/$V$2*6800 -> 235365 | F41: =D41/$V$3*6800 -> 134494.29 | G41: =D41/$V$4*10000 -> 173062.5 | H41: =D41/$V$5*10000 -> 138450 | I41: =E41/$T$2 -> 840.58929 | J41: =F41/$T$3 -> 672.47143 | K41: =G41/$T$4 -> 1442.1875 | L41: =H41/$T$5 -> 1730.625 | P41: =MIN(E41:H41) -> 134494.29 | Q41: CDE | R41: =MIN(I41:L41) -> 672.47143
C42: Toraja | D42: 72.18 | E42: =D42/$V$2*6800 -> 122706 | F42: =D42/$V$3*6800 -> 70117.714 | G42: =D42/$V$4*10000 -> 90225 | H42: =D42/$V$5*10000 -> 72180 | I42: =E42/$T$2 -> 438.23571 | J42: =F42/$T$3 -> 350.58857 | K42: =G42/$T$4 -> 751.875 | L42: =H42/$T$5 -> 902.25 | P42: =MIN(E42:H42) -> 70117.714 | Q42: CDE | R42: =MIN(I42:L42) -> 350.58857
A43: Sulawesi | B43: Pare-Pare | C43: Barru | D43: 62.41 | E43: =D43/$V$2*6800 -> 106097 | F43: =D43/$V$3*6800 -> 60626.857 | G43: =D43/$V$4*10000 -> 78012.5 | H43: =D43/$V$5*10000 -> 62410 | I43: =E43/$T$2 -> 378.91786 | J43: =F43/$T$3 -> 303.13429 | K43: =G43/$T$4 -> 650.10417 | L43: =H43/$T$5 -> 780.125 | P43: =MIN(E43:H43) -> 60626.857 | Q43: CDE | R43: =MIN(I43:L43) -> 303.13429
C44: Polman | D44: 103.54 | E44: =D44/$V$2*6800 -> 176018 | F44: =D44/$V$3*6800 -> 100581.71 | G44: =D44/$V$4*10000 -> 129425 | H44: =D44/$V$5*10000 -> 103540 | I44: =E44/$T$2 -> 628.63571 | J44: =F44/$T$3 -> 502.90857 | K44: =G44/$T$4 -> 1078.5417 | L44: =H44/$T$5 -> 1294.25 | P44: =MIN(E44:H44) -> 100581.71 | Q44: CDE | R44: =MIN(I44:L44) -> 502.90857
C45: Sengkang | D45: 80.4 | E45: =D45/$V$2*6800 -> 136680 | F45: =D45/$V$3*6800 -> 78102.857 | G45: =D45/$V$4*10000 -> 100500 | H45: =D45/$V$5*10000 -> 80400 | I45: =E45/$T$2 -> 488.14286 | J45: =F45/$T$3 -> 390.51429 | K45: =G45/$T$4 -> 837.5 | L45: =H45/$T$5 -> 1005 | P45: =MIN(E45:H45) -> 78102.857 | Q45: CDE | R45: =MIN(I45:L45) -> 390.51429

Sheet Biaya Penambahan Vehicle
A1: Distributor Area | B1: Area | C1: Type | D1: CDD Cost | E1: CDE Cost | F1: GrandMax Cost | G1: Kijang Cost
A2: Bali Nusra | B2: Denpasar | C2: Direct CPU | D2: 6900000 | E2: 5500000 | F2: 3500000 | I2: motor tidak digunakan karena rate-nya terlalu besar untuk penyewaan saja 1.2 juta, tetapi box yang dikirim tidak sampai 20 box
A3: Bali Nusra | B3: Lombok | C3: Direct CPU | D3: 6900000 | E3: 5500000 | F3: 3500000 | I3: Sewa Motor Bulanan Harian di Bali Kuta Mulai 80 Ribu Per Hari
A4: Bali Nusra | B4: BIMA | C4: Indirect DC | D4: 6900000 | E4: 5500000 | F4: 3500000
A5: Bali Nusra | B5: Kupang | C5: Indirect DC | D5: 6900000 | E5: 5500000 | F5: 3500000
A6: Bali Nusra | B6: Maumere | C6: Indirect DC | D6: 6900000 | E6: 5500000 | F6: 3500000
A7: Bali Nusra | B7: Sumbawa | C7: Indirect DC | D7: 6900000 | E7: 5500000 | F7: 3500000
A8: Kalimantan | B8: Sintang | C8: Depo | D8: 13853970 | E8: 6560843.3 | F8: 6560843.3 | G8: 6560843.3
A9: Kalimantan | B9: Balikpapan | C9: Direct DC | D9: 13853970 | E9: 6560843.3 | F9: 6560843.3 | G9: 6560843.3
A10: Kalimantan | B10: Banjarmasin | C10: Direct DC | D10: 13853970 | E10: 6560843.3 | F10: 6560843.3 | G10: 6560843.3
A11: Kalimantan | B11: Berau | C11: Direct DC | D11: 13853970 | E11: 6560843.3 | F11: 6560843.3 | G11: 6560843.3
A12: Kalimantan | B12: Bontang | C12: Direct DC | D12: 13853970 | E12: 6560843.3 | F12: 6560843.3 | G12: 6560843.3
A13: Kalimantan | B13: Palangkaraya | C13: Direct DC | D13: 13853970 | E13: 6560843.3 | F13: 6560843.3 | G13: 6560843.3
A14: Kalimantan | B14: Pontianak | C14: Direct DC | D14: 13853970 | E14: 6560843.3 | F14: 6560843.3 | G14: 6560843.3
A15: Kalimantan | B15: Samarinda | C15: Direct DC | D15: 13853970 | E15: 6560843.3 | F15: 6560843.3 | G15: 6560843.3
A16: Kalimantan | B16: Sampit | C16: Direct DC | D16: 13853970 | E16: 6560843.3 | F16: 6560843.3 | G16: 6560843.3
A17: Kalimantan | B17: Tarakan | C17: Direct DC | D17: 13853970 | E17: 6560843.3 | F17: 6560843.3 | G17: 6560843.3
A18: Sulawesi | B18: Kendari | C18: Direct CPU | D18: 6900000 | E18: 5500000 | F18: 3500000
A19: Sulawesi | B19: Makassar | C19: Direct CPU | D19: 6900000 | E19: 5500000 | F19: 3500000
A20: Sulawesi | B20: Manado | C20: Direct CPU | D20: 6900000 | E20: 5500000 | F20: 3500000
A21: Sulawesi | B21: Palu | C21: Direct CPU | D21: 6900000 | E21: 5500000 | F21: 3500000
A22: Sulawesi | B22: Bau-Bau | C22: Indirect DC | D22: 6900000 | E22: 5500000 | F22: 3500000
A23: Sulawesi | B23: Bone | C23: Indirect DC | D23: 6900000 | E23: 5500000 | F23: 3500000
A24: Sulawesi | B24: Gorontalo | C24: Indirect DC | D24: 6900000 | E24: 5500000 | F24: 3500000
A25: Sulawesi | B25: Luwuk | C25: Indirect DC | D25: 6900000 | E25: 5500000 | F25: 3500000
A26: Sulawesi | B26: Mamuju | C26: Indirect DC | D26: 6900000 | E26: 5500000 | F26: 3500000
A27: Sulawesi | B27: Palopo | C27: Indirect DC | D27: 6900000 | E27: 5500000 | F27: 3500000
A28: Sulawesi | B28: Pare-Pare | C28: Indirect DC | D28: 6900000 | E28: 5500000 | F28: 3500000
A29: Sulawesi | B29: Poso | C29: Indirect DC | D29: 6900000 | E29: 5500000 | F29: 3500000

Sheet Jumlah Trip Maksimal
A1: 🧑‍💼 HUMAN-CENTRIC CONSTRAINT — Trip Maksimum Kendaraan per Lokasi Asal
A2: Formula: T_k = FLOOR( JamKerja_PerBulan / (Jarak_Terjauh / Kecepatan) , 1)
A3: Implementasi: D = Jarak/Kecepatan (waktu trip 1 arah, jam) · E = FLOOR(JamKerja_PerBulan/D, 1) · F = JamKerja_PerBulan · G = cek E×D≤F
A5: Distributor Area | B5: Area | C5: Type | D5: Waktu TRIP(jarak terjauh dibagi 45 km/hour) | E5: MaxTrip | F5: Waktu Tersedia | G5: Total waktu<waktu tersedia | K5: DC ID | L5: Area | M5: Type | N5: Capacity Kendaraan | O5: Waktu Trip Terjauh | P5: Maximum Trip | Q5: Waktu Tersedia
A6: Bali Nusra | B6: Denpasar | C6: Direct CPU | E6: =IFERROR(FLOOR(F6/D6,1),"-") -> - | F6: =JamKerja_PerBulan -> 208 | G6: =IFERROR(IF(E6*D6<F6,TRUE()),"-") -> - | I6: Jumlah Paket Trip | K6: DC031 | L6: Denpasar | M6: Direct CPU | N6: 5280 | O6: - | P6: - | Q6: =JamKerja_PerBulan -> 208
A7: Bali Nusra | B7: Lombok | C7: Direct CPU | D7: =1046.393/Kecepatan_Kendaraan -> 23.253178 | E7: =IFERROR(FLOOR(F7/D7,1),"-") -> 8 | F7: =JamKerja_PerBulan -> 208 | G7: =IFERROR(IF(E7*D7<F7,TRUE()),"-") -> TRUE | I7: =COUNT(D3,D9,D10,D12,D13,D14,D16,D18,D19,D20,D21,D24,D27,D28) -> 7 | K7: DC032 | L7: Kendari | M7: Direct CPU | N7: 1640 | O7: =275.58/Kecepatan_Kendaraan -> 6.124 | P7: =IFERROR(FLOOR(Q7/O7,1),"-") -> 33 | Q7: =JamKerja_PerBulan -> 208
A8: Bali Nusra | B8: BIMA | C8: Indirect DC | E8: =IFERROR(FLOOR(F8/D8,1),"-") -> - | F8: =JamKerja_PerBulan -> 208 | G8: =IFERROR(IF(E8*D8<F8,TRUE()),"-") -> - | K8: DC033 | L8: Lombok | M8: Direct CPU | N8: 1600 | O8: =1046.393/Kecepatan_Kendaraan -> 23.253178 | P8: 8 | Q8: =JamKerja_PerBulan -> 208
A9: Bali Nusra | B9: Kupang | C9: Indirect DC | E9: =IFERROR(FLOOR(F9/D9,1),"-") -> - | F9: =JamKerja_PerBulan -> 208 | G9: =IFERROR(IF(E9*D9<F9,TRUE()),"-") -> - | K9: DC034 | L9: Makassar | M9: Direct CPU | N9: 2920 | O9: =357.38/Kecepatan_Kendaraan -> 7.9417778 | P9: 26 | Q9: =JamKerja_PerBulan -> 208
A10: Bali Nusra | B10: Maumere | C10: Indirect DC | E10: =IFERROR(FLOOR(F10/D10,1),"-") -> - | F10: =JamKerja_PerBulan -> 208 | G10: =IFERROR(IF(E10*D10<F10,TRUE()),"-") -> - | K10: DC035 | L10: Manado | M10: Direct CPU | N10: 3400 | O10: =396.91/Kecepatan_Kendaraan -> 8.8202222 | P10: =IFERROR(FLOOR(Q10/O10,1),"-") -> 23 | Q10: =JamKerja_PerBulan -> 208
A11: Bali Nusra | B11: Sumbawa | C11: Indirect DC | E11: =IFERROR(FLOOR(F11/D11,1),"-") -> - | F11: =JamKerja_PerBulan -> 208 | G11: =IFERROR(IF(E11*D11<F11,TRUE()),"-") -> - | K11: DC036 | L11: Palu | M11: Direct CPU | N11: 1560 | O11: =589.5/Kecepatan_Kendaraan -> 13.1 | P11: =IFERROR(FLOOR(Q11/O11,1),"-") -> 15 | Q11: =JamKerja_PerBulan -> 208
A12: Kalimantan | B12: Sintang | C12: Depo | E12: =IFERROR(FLOOR(F12/D12,1),"-") -> - | F12: =JamKerja_PerBulan -> 208 | G12: =IFERROR(IF(E12*D12<F12,TRUE()),"-") -> - | K12: DC037 | L12: Balikpapan | M12: Direct DC | N12: 2880 | O12: =161.958/Kecepatan_Kendaraan -> 3.5990667 | P12: =IFERROR(FLOOR(Q12/O12,1),"-") -> 57 | Q12: =JamKerja_PerBulan -> 208
A13: Kalimantan | B13: Balikpapan | C13: Direct DC | D13: =161.958/Kecepatan_Kendaraan -> 3.5990667 | E13: =IFERROR(FLOOR(F13/D13,1),"-") -> 57 | F13: =JamKerja_PerBulan -> 208 | G13: =IFERROR(IF(E13*D13<F13,TRUE()),"-") -> TRUE | K13: DC038 | L13: Banjarmasin | M13: Direct DC | N13: 5280 | O13: =203.111/Kecepatan_Kendaraan -> 4.5135778 | P13: =IFERROR(FLOOR(Q13/O13,1),"-") -> 46 | Q13: =JamKerja_PerBulan -> 208
A14: Kalimantan | B14: Banjarmasin | C14: Direct DC | D14: =203.111/Kecepatan_Kendaraan -> 4.5135778 | E14: =IFERROR(FLOOR(F14/D14,1),"-") -> 46 | F14: =JamKerja_PerBulan -> 208 | G14: =IFERROR(IF(E14*D14<F14,TRUE()),"-") -> TRUE | K14: DC039 | L14: Berau | M14: Direct DC | N14: 520 | O14: - | P14: - | Q14: =JamKerja_PerBulan -> 208
A15: Kalimantan | B15: Berau | C15: Direct DC | E15: =IFERROR(FLOOR(F15/D15,1),"-") -> - | F15: =JamKerja_PerBulan -> 208 | G15: =IFERROR(IF(E15*D15<F15,TRUE()),"-") -> - | K15: DC040 | L15: Bontang | M15: Direct DC | N15: 5280 | O15: =59.2/Kecepatan_Kendaraan -> 1.3155556 | P15: =IFERROR(FLOOR(Q15/O15,1),"-") -> 158 | Q15: =JamKerja_PerBulan -> 208
A16: Kalimantan | B16: Bontang | C16: Direct DC | D16: =59.2/Kecepatan_Kendaraan -> 1.3155556 | E16: =IFERROR(FLOOR(F16/D16,1),"-") -> 158 | F16: =JamKerja_PerBulan -> 208 | G16: =IFERROR(IF(E16*D16<F16,TRUE()),"-") -> TRUE | K16: DC041 | L16: Palangkaraya | M16: Direct DC | N16: 1040 | O16: =343.092/Kecepatan_Kendaraan -> 7.6242667 | P16: =IFERROR(FLOOR(Q16/O16,1),"-") -> 27 | Q16: =JamKerja_PerBulan -> 208
A17: Kalimantan | B17: Palangkaraya | C17: Direct DC | D17: =343.092/Kecepatan_Kendaraan -> 7.6242667 | E17: =IFERROR(FLOOR(F17/D17,1),"-") -> 27 | F17: =JamKerja_PerBulan -> 208 | G17: =IFERROR(IF(E17*D17<F17,TRUE()),"-") -> TRUE | K17: DC042 | L17: Pontianak | M17: Direct DC | N17: 5280 | O17: =352.4/Kecepatan_Kendaraan -> 7.8311111 | P17: =IFERROR(FLOOR(Q17/O17,1),"-") -> 26 | Q17: =JamKerja_PerBulan -> 208
A18: Kalimantan | B18: Pontianak | C18: Direct DC | D18: =352.4/Kecepatan_Kendaraan -> 7.8311111 | E18: =IFERROR(FLOOR(F18/D18,1),"-") -> 26 | F18: =JamKerja_PerBulan -> 208 | G18: =IFERROR(IF(E18*D18<F18,TRUE()),"-") -> TRUE | K18: DC043 | L18: Samarinda | M18: Direct DC | N18: 1800 | O18: - | P18: - | Q18: =JamKerja_PerBulan -> 208
A19: Kalimantan | B19: Samarinda | C19: Direct DC | E19: =IFERROR(FLOOR(F19/D19,1),"-") -> - | F19: =JamKerja_PerBulan -> 208 | G19: =IFERROR(IF(E19*D19<F19,TRUE()),"-") -> - | K19: DC044 | L19: Sampit | M19: Direct DC | N19: 1000 | O19: =212.077/Kecepatan_Kendaraan -> 4.7128222 | P19: =IFERROR(FLOOR(Q19/O19,1),"-") -> 44 | Q19: =JamKerja_PerBulan -> 208
A20: Kalimantan | B20: Sampit | C20: Direct DC | D20: =212.077/Kecepatan_Kendaraan -> 4.7128222 | E20: =IFERROR(FLOOR(F20/D20,1),"-") -> 44 | F20: =JamKerja_PerBulan -> 208 | G20: =IFERROR(IF(E20*D20<F20,TRUE()),"-") -> TRUE | K20: DC045 | L20: Tarakan | M20: Direct DC | N20: 520 | O20: - | P20: - | Q20: =JamKerja_PerBulan -> 208
A21: Kalimantan | B21: Tarakan | C21: Direct DC | E21: =IFERROR(FLOOR(F21/D21,1),"-") -> - | F21: =JamKerja_PerBulan -> 208 | G21: =IFERROR(IF(E21*D21<F21,TRUE()),"-") -> - | K21: DC046 | L21: Bau-Bau | M21: Indirect DC | N21: 200 | O21: - | P21: - | Q21: =JamKerja_PerBulan -> 208
A22: Sulawesi | B22: Kendari | C22: Direct CPU | D22: =275.58/Kecepatan_Kendaraan -> 6.124 | E22: =IFERROR(FLOOR(F22/D22,1),"-") -> 33 | F22: =JamKerja_PerBulan -> 208 | G22: =IFERROR(IF(E22*D22<F22,TRUE()),"-") -> TRUE | K22: DC047 | L22: BIMA | M22: Indirect DC | N22: 400 | O22: - | P22: - | Q22: =JamKerja_PerBulan -> 208
A23: Sulawesi | B23: Makassar | C23: Direct CPU | D23: =357.38/Kecepatan_Kendaraan -> 7.9417778 | E23: 26 | F23: =JamKerja_PerBulan -> 208 | G23: =IFERROR(IF(E23*D23<F23,TRUE()),"-") -> TRUE | K23: DC048 | L23: Bone | M23: Indirect DC | N23: 600 | O23: - | P23: - | Q23: =JamKerja_PerBulan -> 208
A24: Sulawesi | B24: Manado | C24: Direct CPU | D24: =396.91/Kecepatan_Kendaraan -> 8.8202222 | E24: =IFERROR(FLOOR(F24/D24,1),"-") -> 23 | F24: =JamKerja_PerBulan -> 208 | G24: =IFERROR(IF(E24*D24<F24,TRUE()),"-") -> TRUE | K24: DC049 | L24: Gorontalo | M24: Indirect DC | N24: 1120 | O24: =134.66/Kecepatan_Kendaraan -> 2.9924444 | P24: =IFERROR(FLOOR(Q24/O24,1),"-") -> 69 | Q24: =JamKerja_PerBulan -> 208
A25: Sulawesi | B25: Palu | C25: Direct CPU | D25: =589.5/Kecepatan_Kendaraan -> 13.1 | E25: =IFERROR(FLOOR(F25/D25,1),"-") -> 15 | F25: =JamKerja_PerBulan -> 208 | G25: =IFERROR(IF(E25*D25<F25,TRUE()),"-") -> TRUE | K25: DC050 | L25: Kupang | M25: Indirect DC | N25: 1240 | O25: - | P25: - | Q25: =JamKerja_PerBulan -> 208
A26: Sulawesi | B26: Bau-Bau | C26: Indirect DC | E26: =IFERROR(FLOOR(F26/D26,1),"-") -> - | F26: =JamKerja_PerBulan -> 208 | G26: =IFERROR(IF(E26*D26<F26,TRUE()),"-") -> - | K26: DC051 | L26: Luwuk | M26: Indirect DC | N26: 320 | O26: - | P26: - | Q26: =JamKerja_PerBulan -> 208
A27: Sulawesi | B27: Bone | C27: Indirect DC | E27: =IFERROR(FLOOR(F27/D27,1),"-") -> - | F27: =JamKerja_PerBulan -> 208 | G27: =IFERROR(IF(E27*D27<F27,TRUE()),"-") -> - | K27: DC052 | L27: Mamuju | M27: Indirect DC | N27: 400 | O27: - | P27: - | Q27: =JamKerja_PerBulan -> 208
A28: Sulawesi | B28: Gorontalo | C28: Indirect DC | D28: =134.66/Kecepatan_Kendaraan -> 2.9924444 | E28: =IFERROR(FLOOR(F28/D28,1),"-") -> 69 | F28: =JamKerja_PerBulan -> 208 | G28: =IFERROR(IF(E28*D28<F28,TRUE()),"-") -> TRUE | K28: DC053 | L28: Maumere | M28: Indirect DC | N28: 960 | O28: - | P28: - | Q28: =JamKerja_PerBulan -> 208
A29: Sulawesi | B29: Luwuk | C29: Indirect DC | E29: =IFERROR(FLOOR(F29/D29,1),"-") -> - | F29: =JamKerja_PerBulan -> 208 | G29: =IFERROR(IF(E29*D29<F29,TRUE()),"-") -> - | K29: DC054 | L29: Palopo | M29: Indirect DC | N29: 1640 | O29: =138.45/Kecepatan_Kendaraan -> 3.0766667 | P29: =IFERROR(FLOOR(Q29/O29,1),"-") -> 67 | Q29: =JamKerja_PerBulan -> 208
A30: Sulawesi | B30: Mamuju | C30: Indirect DC | E30: =IFERROR(FLOOR(F30/D30,1),"-") -> - | F30: =JamKerja_PerBulan -> 208 | G30: =IFERROR(IF(E30*D30<F30,TRUE()),"-") -> - | K30: DC055 | L30: Pare-Pare | M30: Indirect DC | N30: 1480 | O30: =103.54/Kecepatan_Kendaraan -> 2.3008889 | P30: =IFERROR(FLOOR(Q30/O30,1),"-") -> 90 | Q30: =JamKerja_PerBulan -> 208
A31: Sulawesi | B31: Palopo | C31: Indirect DC | D31: =138.45/Kecepatan_Kendaraan -> 3.0766667 | E31: =IFERROR(FLOOR(F31/D31,1),"-") -> 67 | F31: =JamKerja_PerBulan -> 208 | G31: =IFERROR(IF(E31*D31<F31,TRUE()),"-") -> TRUE | K31: DC056 | L31: Poso | M31: Indirect DC | N31: 800 | O31: - | P31: - | Q31: =JamKerja_PerBulan -> 208
A32: Sulawesi | B32: Pare-Pare | C32: Indirect DC | D32: =103.54/Kecepatan_Kendaraan -> 2.3008889 | E32: =IFERROR(FLOOR(F32/D32,1),"-") -> 90 | F32: =JamKerja_PerBulan -> 208 | G32: =IFERROR(IF(E32*D32<F32,TRUE()),"-") -> TRUE | K32: DC057 | L32: Sumbawa | M32: Indirect DC | N32: 320 | O32: - | P32: - | Q32: =JamKerja_PerBulan -> 208
A33: Sulawesi | B33: Poso | C33: Indirect DC | E33: =IFERROR(FLOOR(F33/D33,1),"-") -> - | F33: =JamKerja_PerBulan -> 208 | G33: =IFERROR(IF(E33*D33<F33,TRUE()),"-") -> - | Q33: =JamKerja_PerBulan -> 208

Sheet (SRP Usulan) Jarak Tempuh Middl
A1: ID Asal | B1: Nama Kota | C1: Id Tujuan | D1: Nama Kota Tujuan | E1: Jarak(KM)
A2: DC037 | B2: Balikpapan | C2: DC020 | D2: Penajam-Grogot | E2: 161.958 | F2: =E2*2 -> 323.916 | G2: =F2/45 -> 7.1981333 | H2: =ROUNDUP(G2/(8*30),0) -> 1 | I2: =G2/L2 -> 0.044988333 | J2: =ROUNDUP(I2/L3,0) -> 1 | K2: jam kerja= | L2: 160 | N2: ID Asal | O2: Nama Kota | P2: Id Tujuan | Q2: Nama Kota Tujuan | R2: Jarak(KM) | T2: ID Asal | U2: Lokasi Asal | V2: ID Tujuan | W2: Nama Kota | X2: Jarak (km)
A3: DC038 | B3: Banjarmasin | C3: DC003 | D3: Barabai | E3: 144.846 | F3: =E3*2 -> 289.692 | G3: =F3/45 -> 6.4376 | H3: =ROUNDUP(G3/(8*30),0) -> 1 | K3: trip/bulan | L3: 10 | N3: DC041 | O3: Palangkaraya | P3: DC001 | Q3: Ampah - Teweh | R3: 343.092 | T3: DC037 | U3: Balikpapan | V3: DC020 | W3: Penajam-Grogot | X3: 161.958
A4: DC038 | B4: Banjarmasin | C4: DC005 | D4: Batulicin | E4: 203.111 | F4: =E4*2 -> 406.222 | G4: =F4/45 -> 9.0271556 | H4: =ROUNDUP(G4/(8*30),0) -> 1 | N4: DC035 | O4: Manado | P4: DC002 | Q4: Amurang | R4: 55.4 | T4: DC038 | U4: Banjarmasin | V4: DC003 | W4: Barabai | X4: 144.846
A5: DC038 | B5: Banjarmasin | C5: DC022 | D5: Rantau | E5: 94.264 | F5: =E5*2 -> 188.528 | G5: =F5/45 -> 4.1895111 | H5: =ROUNDUP(G5/(8*30),0) -> 1 | N5: DC038 | O5: Banjarmasin | P5: DC003 | Q5: Barabai | R5: 144.846 | T5: DC038 | U5: Banjarmasin | V5: DC005 | W5: Batulicin | X5: 203.111
A6: DC040 | B6: Bontang | C6: DC008 | D6: Bontang-Sangata | E6: 59.2 | F6: =E6*2 -> 118.4 | G6: =F6/45 -> 2.6311111 | H6: =ROUNDUP(G6/(8*30),0) -> 1 | N6: DC055 | O6: Pare-Pare | P6: DC004 | Q6: Barru | R6: 62.41 | T6: DC038 | U6: Banjarmasin | V6: DC022 | W6: Rantau | X6: 94.264
A7: DC049 | B7: Gorontalo | C7: DC016 | D7: Marisa | E7: 134.66 | F7: =E7*2 -> 269.32 | G7: =F7/45 -> 5.9848889 | H7: =ROUNDUP(G7/(8*30),0) -> 1 | N7: DC038 | O7: Banjarmasin | P7: DC005 | Q7: Batulicin | R7: 203.111 | T7: DC040 | U7: Bontang | V7: DC008 | W7: Bontang-Sangata | X7: 59.2
A8: DC032 | B8: Kendari | C8: DC013 | D8: Kolaka | E8: 154.22 | N8: DC054 | O8: Palopo | P8: DC006 | Q8: Belopa | R8: 49.98 | T8: DC033 | U8: Lombok | V8: DC047 | W8: BIMA | X8: 440.971
A9: DC032 | B9: Kendari | C9: DC030 | D9: Unaaha | E9: 13.78 | N9: DC035 | O9: Manado | P9: DC007 | Q9: Bitung | R9: 47.8 | T9: DC049 | U9: Gorontalo | V9: DC016 | W9: Marisa | X9: 134.66
A10: DC032 | B10: Kendari | C10: DC046 | D10: Bau-Bau | E10: 275.58 | N10: DC040 | O10: Bontang | P10: DC008 | Q10: Bontang-Sangata | R10: 59.2 | T10: PabrikKarawang | U10: Karawang | V10: DC031 | W10: Denpasar | X10: 1044.466
A11: DC033 | B11: Lombok | C11: DC047 | D11: BIMA | E11: 440.971 | F11: =COUNT(Table1[Jarak(KM)]) -> 42 | N11: DC034 | O11: Makassar | P11: DC009 | Q11: Bulukumba | R11: 200 | T11: PabrikKarawang | U11: Karawang | V11: DC033 | W11: Lombok | X11: 1144.628
A12: DC033 | B12: Lombok | C12: DC050 | D12: Kupang | E12: 1046.393 | N12: DC034 | O12: Makassar | P12: DC010 | Q12: Gowa | R12: 16.37 | T12: DC032 | U12: Kendari | V12: DC046 | W12: Bau-Bau | X12: 275.58
A13: DC033 | B13: Lombok | C13: DC053 | D13: Maumere | E13: 924.619 | N13: DC034 | O13: Makassar | P13: DC011 | Q13: Jeneponto | R13: 97.42 | T13: DC032 | U13: Kendari | V13: DC013 | W13: Kolaka | X13: 154.22
A14: DC033 | B14: Lombok | C14: DC057 | D14: Sumbawa | E14: 179.485 | N14: DC042 | O14: Pontianak | P14: DC012 | Q14: Ketapang | R14: 352.4 | T14: DC032 | U14: Kendari | V14: DC030 | W14: Unaaha | X14: 13.78
A15: DC034 | B15: Makassar | C15: DC009 | D15: Bulukumba | E15: 200 | N15: DC032 | O15: Kendari | P15: DC013 | Q15: Kolaka | R15: 154.22 | T15: DC033 | U15: Lombok | V15: DC050 | W15: Kupang | X15: 1046.393
A16: DC034 | B16: Makassar | C16: DC010 | D16: Gowa | E16: 16.37 | N16: DC035 | O16: Manado | P16: DC014 | Q16: Kotamobagu | R16: 170.45 | T16: DC033 | U16: Lombok | V16: DC053 | W16: Maumere | X16: 924.619
A17: DC034 | B17: Makassar | C17: DC011 | D17: Jeneponto | E17: 97.42 | N17: DC054 | O17: Palopo | P17: DC015 | Q17: Mangkutana | R17: 138.45 | T17: DC033 | U17: Lombok | V17: DC057 | W17: Sumbawa | X17: 179.485
A18: DC034 | B18: Makassar | C18: DC018 | D18: Pangkep | E18: 55.23 | N18: DC049 | O18: Gorontalo | P18: DC016 | Q18: Marisa | R18: 134.66 | T18: DC034 | U18: Makassar | V18: DC048 | W18: Bone | X18: 194.85
A19: DC034 | B19: Makassar | C19: DC025 | D19: Sinjai | E19: 224.38 | N19: DC044 | O19: Sampit | P19: DC017 | Q19: Pangkalanbun | R19: 212.077 | T19: DC034 | U19: Makassar | V19: DC009 | W19: Bulukumba | X19: 200
A20: DC034 | B20: Makassar | C20: DC027 | D20: Takalar | E20: 41.33 | N20: DC034 | O20: Makassar | P20: DC018 | Q20: Pangkep | R20: 55.23 | T20: DC034 | U20: Makassar | V20: DC010 | W20: Gowa | X20: 16.37
A21: DC034 | B21: Makassar | C21: DC048 | D21: Bone | E21: 194.85 | N21: DC036 | O21: Palu | P21: DC019 | Q21: Parigi | R21: 71.72 | T21: DC034 | U21: Makassar | V21: DC011 | W21: Jeneponto | X21: 97.42
A22: DC034 | B22: Makassar | C22: DC054 | D22: Palopo | E22: 375.38 | N22: DC037 | O22: Balikpapan | P22: DC020 | Q22: Penajam-Grogot | R22: 161.958 | T22: DC034 | U22: Makassar | V22: DC054 | W22: Palopo | X22: 375.38
A23: DC034 | B23: Makassar | C23: DC055 | D23: Pare-Pare | E23: 162.64 | N23: DC055 | O23: Pare-Pare | P23: DC021 | Q23: Polman | R23: 103.54 | T23: DC034 | U23: Makassar | V23: DC018 | W23: Pangkep | X23: 55.23
... A31: DC054 | B31: Palopo | C31: DC015 | D31: Mangkutana | E31: 138.45 | N31: DC054 | O31: Palopo | P31: DC029 | Q31: Toraja | R31: 72.18 | T31: DC054 | U31: Palopo | V31: DC006 | W31: Belopa | X31: 49.98
A32: DC054 | B32: Palopo | C32: DC029 | D32: Toraja | E32: 72.18 | H32: PabrikKarawang | I32: Karawang | J32: DC031 | K32: Denpasar | L32: 1044.466 | N32: DC032 | O32: Kendari | P32: DC030 | Q32: Unaaha | R32: 13.78 | T32: DC054 | U32: Palopo | V32: DC029 | W32: Toraja | X32: 72.18
A33: DC036 | B33: Palu | C33: DC019 | D33: Parigi | E33: 71.72 | H33: PabrikKarawang | I33: Karawang | J33: DC034 | K33: Lombok | L33: 1144.628 | N33: DC032 | O33: Kendari | P33: DC046 | Q33: Bau-Bau | R33: 275.58 | T33: DC054 | U33: Palopo | V33: DC015 | W33: Mangkutana | X33: 138.45
A34: DC036 | B34: Palu | C34: DC051 | D34: Luwuk | E34: 589.5 | N34: DC034 | O34: Makassar | P34: DC055 | Q34: Pare-Pare | R34: 162.64 | T34: DC036 | U34: Palu | V34: DC051 | W34: Luwuk | X34: 589.5
A35: DC036 | B35: Palu | C35: DC052 | D35: Mamuju | E35: 406.82 | N35: DC033 | O35: Lombok | P35: DC047 | Q35: BIMA | R35: 440.971 | T35: DC036 | U35: Palu | V35: DC052 | W35: Mamuju | X35: 406.82
A36: DC036 | B36: Palu | C36: DC056 | D36: Poso | E36: 206.67 | N36: DC034 | O36: Makassar | P36: DC048 | Q36: Bone | R36: 194.85 | T36: DC036 | U36: Palu | V36: DC019 | W36: Parigi | X36: 71.72
A37: DC055 | B37: Pare-Pare | C37: DC004 | D37: Barru | E37: 62.41 | N37: DC035 | O37: Manado | P37: DC049 | Q37: Gorontalo | R37: 396.91 | T37: DC036 | U37: Palu | V37: DC056 | W37: Poso | X37: 206.67
A38: DC055 | B38: Pare-Pare | C38: DC021 | D38: Polman | E38: 103.54 | N38: DC035 | O38: Manado | P38: DC049 | Q38: Gorontalo | R38: 396.91 | T38: DC055 | U38: Pare-Pare | V38: DC004 | W38: Barru | X38: 62.41
A39: DC055 | B39: Pare-Pare | C39: DC023 | D39: Sengkang | E39: 80.4 | N39: DC033 | O39: Lombok | P39: DC050 | Q39: Kupang | R39: 1046.393 | T39: DC055 | U39: Pare-Pare | V39: DC021 | W39: Polman | X39: 103.54
A40: DC042 | B40: Pontianak | C40: DC012 | D40: Ketapang | E40: 352.4 | N40: DC036 | O40: Palu | P40: DC051 | Q40: Luwuk | R40: 589.5 | T40: DC055 | U40: Pare-Pare | V40: DC023 | W40: Sengkang | X40: 80.4
A41: DC042 | B41: Pontianak | C41: DC024 | D41: Singkawang | E41: 151 | N41: DC036 | O41: Palu | P41: DC052 | Q41: Mamuju | R41: 406.82 | T41: DC042 | U41: Pontianak | V41: DC024 | W41: Singkawang | X41: 151
A42: DC042 | B42: Pontianak | C42: DC026 | D42: Sintang | E42: 321 | N42: DC033 | O42: Lombok | P42: DC053 | Q42: Maumere | R42: 924.619 | T42: DC042 | U42: Pontianak | V42: DC012 | W42: Ketapang | X42: 352.4
A43: DC044 | B43: Sampit | C43: DC017 | D43: Pangkalanbun | E43: 212.077 | N43: DC034 | O43: Makassar | P43: DC054 | Q43: Palopo | R43: 375.38 | T43: DC042 | U43: Pontianak | V43: DC026 | W43: Sintang | X43: 321
N44: DC034 | O44: Makassar | P44: DC055 | Q44: Pare-Pare | R44: 162.64 | T44: DC044 | U44: Sampit | V44: DC017 | W44: Pangkalanbun | X44: 212.077
N45: DC036 | O45: Palu | P45: DC056 | Q45: Poso | R45: 206.67 | T45: DC035 | U45: Manado | V45: DC049 | W45: Gorontalo | X45: 396.91
N46: DC033 | O46: Lombok | P46: DC057 | Q46: Sumbawa | R46: 179.485 | T46: DC034 | U46: Makassar | V46: DC055 | W46: Pare-Pare | X46: 162.64

Sheet (agoy fadli) Total Permintaan M
A1: Permintaan | B1: Area | C1: DC ID | D1: Type | F1: ID Asal | G1: Nama Kota | H1: Id Tujuan | I1: Nama Kota Tujuan | J1: Jarak(KM) | L1: ID Asal | M1: Nama Kota | N1: Id Tujuan | O1: Nama Kota Tujuan | P1: Jarak(KM) | R1: ID Asal | S1: Lokasi Asal | T1: ID Tujuan | U1: Nama Kota | V1: Jarak (km)
A2: =ROUNDUP(4623,0) -> 4623 | B2: Ampah - Teweh | C2: DC001 | D2: Depo | F2: DC041 | G2: Palangkaraya | H2: DC001 | I2: Ampah - Teweh | J2: 343.092 | L2: DC041 | M2: Palangkaraya | N2: DC001 | O2: Ampah - Teweh | P2: 343.092 | R2: DC037 | S2: Balikpapan | T2: DC020 | U2: Penajam-Grogot | V2: 161.958
A3: =ROUNDUP(1729,0) -> 1729 | B3: Amurang | C3: DC002 | D3: Depo | F3: DC035 | G3: Manado | H3: DC002 | I3: Amurang | J3: 55.4 | L3: DC035 | M3: Manado | N3: DC002 | O3: Amurang | P3: 55.4 | R3: DC038 | S3: Banjarmasin | T3: DC003 | U3: Barabai | V3: 144.846
A4: 12496 | B4: Barabai | C4: DC003 | D4: Depo | F4: DC038 | G4: Banjarmasin | H4: DC003 | I4: Barabai | J4: 144.846 | L4: DC038 | M4: Banjarmasin | N4: DC003 | O4: Barabai | P4: 144.846 | R4: DC038 | S4: Banjarmasin | T4: DC005 | U4: Batulicin | V4: 203.111
A5: 967 | B5: Barru | C5: DC004 | D5: Depo | F5: DC055 | G5: Pare-Pare | H5: DC004 | I5: Barru | J5: 62.41 | L5: DC055 | M5: Pare-Pare | N5: DC004 | O5: Barru | P5: 62.41 | R5: DC038 | S5: Banjarmasin | T5: DC022 | U5: Rantau | V5: 94.264
A6: 7766 | B6: Batulicin | C6: DC005 | D6: Depo | F6: DC038 | G6: Banjarmasin | H6: DC005 | I6: Batulicin | J6: 203.111 | L6: DC038 | M6: Banjarmasin | N6: DC005 | O6: Batulicin | P6: 203.111 | R6: DC040 | S6: Bontang | T6: DC008 | U6: Bontang-Sangata | V6: 59.2
A7: 1924 | B7: Belopa | C7: DC006 | D7: Depo | F7: DC054 | G7: Palopo | H7: DC006 | I7: Belopa | J7: 49.98 | L7: DC054 | M7: Palopo | N7: DC006 | O7: Belopa | P7: 49.98 | R7: DC033 | S7: Lombok | T7: DC047 | U7: BIMA | V7: 440.971
A8: 2269 | B8: Bitung | C8: DC007 | D8: Depo | F8: DC035 | G8: Manado | H8: DC007 | I8: Bitung | J8: 47.8 | L8: DC035 | M8: Manado | N8: DC007 | O8: Bitung | P8: 47.8 | R8: DC049 | S8: Gorontalo | T8: DC016 | U8: Marisa | V8: 134.66
A9: 1330 | B9: Bontang-Sangata | C9: DC008 | D9: Depo | F9: DC040 | G9: Bontang | H9: DC008 | I9: Bontang-Sangata | J9: 59.2 | L9: DC040 | M9: Bontang | N9: DC008 | O9: Bontang-Sangata | P9: 59.2 | R9: PabrikKarawang | S9: Karawang | T9: DC031 | U9: Denpasar | V9: 1044.466
A10: 2549 | B10: Bulukumba | C10: DC009 | D10: Depo | F10: DC034 | G10: Makassar | H10: DC009 | I10: Bulukumba | J10: 200 | L10: DC034 | M10: Makassar | N10: DC009 | O10: Bulukumba | P10: 200 | R10: PabrikKarawang | S10: Karawang | T10: DC033 | U10: Lombok | V10: 1144.628
A11: 11369 | B11: Gowa | C11: DC010 | D11: Depo | F11: DC034 | G11: Makassar | H11: DC010 | I11: Gowa | J11: 16.37 | L11: DC034 | M11: Makassar | N11: DC010 | O11: Gowa | P11: 16.37 | R11: DC032 | S11: Kendari | T11: DC046 | U11: Bau-Bau | V11: 275.58
A12: 2561 | B12: Jeneponto | C12: DC011 | D12: Depo | F12: DC034 | G12: Makassar | H12: DC011 | I12: Jeneponto | J12: 97.42 | L12: DC034 | M12: Makassar | N12: DC011 | O12: Jeneponto | P12: 97.42 | R12: DC032 | S12: Kendari | T12: DC013 | U12: Kolaka | V12: 154.22
A13: =3105+208 -> 3313 | B13: Ketapang | C13: DC012 | D13: Depo | F13: DC042 | G13: Pontianak | H13: DC012 | I13: Ketapang | J13: 352.4 | L13: DC042 | M13: Pontianak | N13: DC012 | O13: Ketapang | P13: 352.4 | R13: DC032 | S13: Kendari | T13: DC030 | U13: Unaaha | V13: 13.78
A14: 3579 | B14: Kolaka | C14: DC013 | D14: Depo | F14: DC032 | G14: Kendari | H14: DC013 | I14: Kolaka | J14: 154.22 | L14: DC032 | M14: Kendari | N14: DC013 | O14: Kolaka | P14: 154.22 | R14: DC033 | S14: Lombok | T14: DC050 | U14: Kupang | V14: 1046.393
A15: 3692 | B15: Kotamobagu | C15: DC014 | D15: Depo | F15: DC035 | G15: Manado | H15: DC014 | I15: Kotamobagu | J15: 170.45 | L15: DC035 | M15: Manado | N15: DC014 | O15: Kotamobagu | P15: 170.45 | R15: DC033 | S15: Lombok | T15: DC053 | U15: Maumere | V15: 924.619
A16: 4425 | B16: Mangkutana | C16: DC015 | D16: Depo | F16: DC054 | G16: Palopo | H16: DC015 | I16: Mangkutana | J16: 138.45 | L16: DC054 | M16: Palopo | N16: DC015 | O16: Mangkutana | P16: 138.45 | R16: DC033 | S16: Lombok | T16: DC057 | U16: Sumbawa | V16: 179.485
A17: 2672 | B17: Marisa | C17: DC016 | D17: Depo | F17: DC049 | G17: Gorontalo | H17: DC016 | I17: Marisa | J17: 134.66 | L17: DC049 | M17: Gorontalo | N17: DC016 | O17: Marisa | P17: 134.66 | R17: DC034 | S17: Makassar | T17: DC048 | U17: Bone | V17: 194.85
A18: 6285 | B18: Pangkalanbun | C18: DC017 | D18: Depo | F18: DC044 | G18: Sampit | H18: DC017 | I18: Pangkalanbun | J18: 212.077 | L18: DC044 | M18: Sampit | N18: DC017 | O18: Pangkalanbun | P18: 212.077 | R18: DC034 | S18: Makassar | T18: DC009 | U18: Bulukumba | V18: 200
A19: 1826 | B19: Pangkep | C19: DC018 | D19: Depo | F19: DC034 | G19: Makassar | H19: DC018 | I19: Pangkep | J19: 55.23 | L19: DC034 | M19: Makassar | N19: DC018 | O19: Pangkep | P19: 55.23 | R19: DC034 | S19: Makassar | T19: DC010 | U19: Gowa | V19: 16.37
A20: 1223 | B20: Parigi | C20: DC019 | D20: Depo | F20: DC036 | G20: Palu | H20: DC019 | I20: Parigi | J20: 71.72 | L20: DC036 | M20: Palu | N20: DC019 | O20: Parigi | P20: 71.72 | R20: DC034 | S20: Makassar | T20: DC011 | U20: Jeneponto | V20: 97.42
A21: 4675 | B21: Penajam-Grogot | C21: DC020 | D21: Depo | F21: DC037 | G21: Balikpapan | H21: DC020 | I21: Penajam-Grogot | J21: 161.958 | L21: DC037 | M21: Balikpapan | N21: DC020 | O21: Penajam-Grogot | P21: 161.958 | R21: DC034 | S21: Makassar | T21: DC054 | U21: Palopo | V21: 375.38
A22: 3422 | B22: Polman | C22: DC021 | D22: Depo | F22: DC055 | G22: Pare-Pare | H22: DC021 | I22: Polman | J22: 103.54 | L22: DC055 | M22: Pare-Pare | N22: DC021 | O22: Polman | P22: 103.54 | R22: DC034 | S22: Makassar | T22: DC018 | U22: Pangkep | V22: 55.23
A23: 4287 | B23: Rantau | C23: DC022 | D23: Depo | F23: DC038 | G23: Banjarmasin | H23: DC022 | I23: Rantau | J23: 94.264 | L23: DC038 | M23: Banjarmasin | N23: DC022 | O23: Rantau | P23: 94.264 | R23: DC034 | S23: Makassar | T23: DC027 | U23: Takalar | V23: 41.33
A24: 3554 | B24: Sengkang | C24: DC023 | D24: Depo | F24: DC055 | G24: Pare-Pare | H24: DC023 | I24: Sengkang | J24: 80.4 | L24: DC055 | M24: Pare-Pare | N24: DC023 | O24: Sengkang | P24: 80.4 | R24: DC034 | S24: Makassar | T24: DC025 | U24: Sinjai | V24: 224.38
A25: 3964 | B25: Singkawang | C25: DC024 | D25: Depo | F25: DC042 | G25: Pontianak | H25: DC024 | I25: Singkawang | J25: 151 | L25: DC042 | M25: Pontianak | N25: DC024 | O25: Singkawang | P25: 151 | R25: DC035 | S25: Manado | T25: DC002 | U25: Amurang | V25: 55.4
A26: 1169 | B26: Sinjai | C26: DC025 | D26: Depo | F26: DC034 | G26: Makassar | H26: DC025 | I26: Sinjai | J26: 224.38 | L26: DC034 | M26: Makassar | N26: DC025 | O26: Sinjai | P26: 224.38 | R26: DC035 | S26: Manado | T26: DC014 | U26: Kotamobagu | V26: 170.45
A27: =2842+3 -> 2845 | B27: Sintang | C27: DC026 | D27: Depo | F27: DC042 | G27: Pontianak | H27: DC026 | I27: Sintang | J27: 321 | L27: DC042 | M27: Pontianak | N27: DC026 | O27: Sintang | P27: 321 | R27: DC035 | S27: Manado | T27: DC028 | U27: Tomohon | V27: 35.19
A28: 1978 | B28: Takalar | C28: DC027 | D28: Depo | F28: DC034 | G28: Makassar | H28: DC027 | I28: Takalar | J28: 41.33 | L28: DC034 | M28: Makassar | N28: DC027 | O28: Takalar | P28: 41.33 | R28: DC035 | S28: Manado | T28: DC007 | U28: Bitung | V28: 47.8
A29: 2088 | B29: Tomohon | C29: DC028 | D29: Depo | F29: DC035 | G29: Manado | H29: DC028 | I29: Tomohon | J29: 35.19 | L29: DC035 | M29: Manado | N29: DC028 | O29: Tomohon | P29: 35.19 | R29: DC041 | S29: Palangkaraya | T29: DC001 | U29: Ampah - Teweh | V29: 343.092
A30: 3785 | B30: Toraja | C30: DC029 | D30: Depo | F30: DC054 | G30: Palopo | H30: DC029 | I30: Toraja | J30: 72.18 | L30: DC054 | M30: Palopo | N30: DC029 | O30: Toraja | P30: 72.18 | R30: DC054 | S30: Palopo | T30: DC006 | U30: Belopa | V30: 49.98
A31: 2181 | B31: Unaaha | C31: DC030 | D31: Depo | F31: DC032 | G31: Kendari | H31: DC030 | I31: Unaaha | J31: 13.78 | L31: DC032 | M31: Kendari | N31: DC030 | O31: Unaaha | P31: 13.78 | R31: DC054 | S31: Palopo | T31: DC029 | U31: Toraja | V31: 72.18
A32: 28496 | B32: Denpasar | C32: DC031 | D32: Direct CPU | F32: DC032 | G32: Kendari | H32: DC046 | I32: Bau-Bau | J32: 275.58 | L32: DC032 | M32: Kendari | N32: DC046 | O32: Bau-Bau | P32: 275.58 | R32: DC054 | S32: Palopo | T32: DC015 | U32: Mangkutana | V32: 138.45
A33: 6252 | B33: Kendari | C33: DC032 | D33: Direct CPU | F33: DC033 | G33: Lombok | H33: DC047 | I33: BIMA | J33: 440.971 | L33: DC034 | M33: Makassar | N33: DC055 | O33: Pare-Pare | P33: 162.64 | R33: DC036 | S33: Palu | T33: DC051 | U33: Luwuk | V33: 589.5
A34: 17216 | B34: Lombok | C34: DC033 | D34: Direct CPU | F34: DC034 | G34: Makassar | H34: DC048 | I34: Bone | J34: 194.85 | L34: DC033 | M34: Lombok | N34: DC047 | O34: BIMA | P34: 440.971 | R34: DC036 | S34: Palu | T34: DC052 | U34: Mamuju | V34: 406.82
A35: 8800 | B35: Makassar | C35: DC034 | D35: Direct CPU | F35: DC035 | G35: Manado | H35: DC049 | I35: Gorontalo | J35: 396.91 | L35: DC034 | M35: Makassar | N35: DC048 | O35: Bone | P35: 194.85 | R35: DC036 | S35: Palu | T35: DC019 | U35: Parigi | V35: 71.72
A36: 6680 | B36: Manado | C36: DC035 | D36: Direct CPU | F36: DC033 | G36: Lombok | H36: DC050 | I36: Kupang | J36: 1046.393 | L36: DC035 | M36: Manado | N36: DC049 | O36: Gorontalo | P36: 396.91 | R36: DC036 | S36: Palu | T36: DC056 | U36: Poso | V36: 206.67
A37: 7491 | B37: Palu | C37: DC036 | D37: Direct CPU | F37: DC036 | G37: Palu | H37: DC051 | I37: Luwuk | J37: 589.5 | L37: DC035 | M37: Manado | N37: DC049 | O37: Gorontalo | P37: 396.91 | R37: DC055 | S37: Pare-Pare | T37: DC004 | U37: Barru | V37: 62.41
A38: 16518 | B38: Balikpapan | C38: DC037 | D38: Direct DC | F38: DC036 | G38: Palu | H38: DC052 | I38: Mamuju | J38: 406.82 | L38: DC033 | M38: Lombok | N38: DC050 | O38: Kupang | P38: 1046.393 | R38: DC055 | S38: Pare-Pare | T38: DC021 | U38: Polman | V38: 103.54
A39: 22620 | B39: Banjarmasin | C39: DC038 | D39: Direct DC | F39: DC033 | G39: Lombok | H39: DC053 | I39: Maumere | J39: 924.619 | L39: DC036 | M39: Palu | N39: DC051 | O39: Luwuk | P39: 589.5 | R39: DC055 | S39: Pare-Pare | T39: DC023 | U39: Sengkang | V39: 80.4
... A43: 8377 | B43: Pontianak | C43: DC042 | D43: Direct DC | F43: DC033 | G43: Lombok | H43: DC057 | I43: Sumbawa | J43: 179.485 | L43: DC034 | M43: Makassar | N43: DC055 | O43: Pare-Pare | P43: 162.64 | R43: DC044 | S43: Sampit | T43: DC017 | U43: Pangkalanbun | V43: 212.077
A44: 11295 | B44: Samarinda | C44: DC043 | D44: Direct DC | L44: DC036 | M44: Palu | N44: DC056 | O44: Poso | P44: 206.67 | R44: DC035 | S44: Manado | T44: DC049 | U44: Gorontalo | V44: 396.91
A45: 4316 | B45: Sampit | C45: DC044 | D45: Direct DC | L45: DC033 | M45: Lombok | N45: DC057 | O45: Sumbawa | P45: 179.485 | R45: DC034 | S45: Makassar | T45: DC055 | U45: Pare-Pare | V45: 162.64
A46: 12523 | B46: Tarakan | C46: DC045 | D46: Direct DC
A47: 2724 | B47: Bau-Bau | C47: DC046 | D47: Indirect DC
A48: 5783 | B48: BIMA | C48: DC047 | D48: Indirect DC
A49: 2871 | B49: Bone | C49: DC048 | D49: Indirect DC
A50: 8017 | B50: Gorontalo | C50: DC049 | D50: Indirect DC
A51: 8540 | B51: Kupang | C51: DC050 | D51: Indirect DC
A52: 9643 | B52: Luwuk | C52: DC051 | D52: Indirect DC
A53: 2902 | B53: Mamuju | C53: DC052 | D53: Indirect DC
A54: 2709 | B54: Maumere | C54: DC053 | D54: Indirect DC
A55: 3259 | B55: Palopo | C55: DC054 | D55: Indirect DC
A56: 5309 | B56: Pare-Pare | C56: DC055 | D56: Indirect DC
A57: 2016 | B57: Poso | C57: DC056 | D57: Indirect DC
A58: 3519 | B58: Sumbawa | C58: DC057 | D58: Indirect DC
A59: =SUM(A2:A58) -> 327943
A62: =ROUNDUP(4623,0) -> 4623 | B62: Ampah - Teweh | C62: DC001 | D62: Depo | F62: DC ID | G62: Area | H62: Type | I62: Capacity
A63: =ROUNDUP(1729,0) -> 1729 | B63: Amurang | C63: DC002 | D63: Depo | F63: DC001 | G63: Ampah-Teweh | H63: Depo/Machine Room | I63: 500 | K63: DC001 | L63: Ampah-Teweh | M63: Depo/Machine Room
A64: 12496 | B64: Barabai | C64: DC003 | D64: Depo | F64: DC002 | G64: Amurang | H64: Depo/Machine Room | I64: 800 | K64: DC002 | L64: Amurang | M64: Depo/Machine Room
A65: 967 | B65: Barru | C65: DC004 | D65: Depo | F65: DC003 | G65: Barabai | H65: Depo/Machine Room | I65: 400 | K65: DC003 | L65: Barabai | M65: Depo/Machine Room
A66: 7766 | B66: Batulicin | C66: DC005 | D66: Depo | F66: DC004 | G66: Barru | H66: Depo/Machine Room | I66: 500 | K66: DC004 | L66: Barru | M66: Depo/Machine Room
A67: 1924 | B67: Belopa | C67: DC006 | D67: Depo | F67: DC005 | G67: Batulicin | H67: Depo/Machine Room | I67: 800 | K67: DC005 | L67: Batulicin | M67: Depo/Machine Room
A68: 2269 | B68: Bitung | C68: DC007 | D68: Depo | F68: DC006 | G68: Belopa | H68: Depo/Machine Room | I68: 500 | K68: DC006 | L68: Belopa | M68: Depo/Machine Room
A69: 1330 | B69: Bontang-Sangata | C69: DC008 | D69: Depo | F69: DC007 | G69: Bitung | H69: Depo/Machine Room | I69: 800 | K69: DC007 | L69: Bitung | M69: Depo/Machine Room
A70: 2549 | B70: Bulukumba | C70: DC009 | D70: Depo | F70: DC008 | G70: Bontang-Sangata | H70: Depo/Machine Room | I70: 200 | K70: DC008 | L70: Bontang Sangata | M70: Depo/Machine Room
A71: 11369 | B71: Gowa | C71: DC010 | D71: Depo | F71: DC009 | G71: Bulukumba | H71: Depo/Machine Room | I71: 400 | K71: DC009 | L71: Bulukumba | M71: Depo/Machine Room
A72: 2561 | B72: Jeneponto | C72: DC011 | D72: Depo | F72: DC010 | G72: Gowa | H72: Depo/Machine Room | I72: 400 | K72: DC010 | L72: Gowa | M72: Depo/Machine Room
A73: =3105+208 -> 3313 | B73: Ketapang | C73: DC012 | D73: Depo | F73: DC011 | G73: Jeneponto | H73: Depo/Machine Room | I73: 400 | K73: DC011 | L73: Jeneponto | M73: Depo/Machine Room
A74: 3579 | B74: Kolaka | C74: DC013 | D74: Depo | F74: DC012 | G74: Ketapang | H74: Depo/Machine Room | I74: 400 | K74: DC012 | L74: Ketapang | M74: Depo/Machine Room
A75: 3692 | B75: Kotamobagu | C75: DC014 | D75: Depo | F75: DC013 | G75: Kolaka | H75: Depo/Machine Room | I75: 700 | K75: DC013 | L75: Kolaka | M75: Depo/Machine Room
A76: 4425 | B76: Mangkutana | C76: DC015 | D76: Depo | F76: DC014 | G76: Kotamobagu | H76: Depo/Machine Room | I76: 800 | K76: DC014 | L76: Kotamobagu | M76: Depo/Machine Room
A77: 2672 | B77: Marisa | C77: DC016 | D77: Depo | F77: DC015 | G77: Mangkutana | H77: Depo/Machine Room | I77: 500 | K77: DC015 | L77: Mangkutana | M77: Depo/Machine Room
A78: 6285 | B78: Pangkalanbun | C78: DC017 | D78: Depo | F78: DC016 | G78: Marisa | H78: Depo/Machine Room | I78: 350 | K78: DC016 | L78: Marisa | M78: Depo/Machine Room
A79: 1826 | B79: Pangkep | C79: DC018 | D79: Depo | F79: DC017 | G79: Pangkalanbun | H79: Depo/Machine Room | I79: 400 | K79: DC017 | L79: Pangkalanbun | M79: Depo/Machine Room
A80: 1223 | B80: Parigi | C80: DC019 | D80: Depo | F80: DC018 | G80: Pangkep | H80: Depo/Machine Room | I80: 400 | K80: DC018 | L80: Pangkep | M80: Depo/Machine Room
A81: 4675 | B81: Penajam-Grogot | C81: DC020 | D81: Depo | F81: DC019 | G81: Parigi | H81: Depo/Machine Room | I81: 500 | K81: DC019 | L81: Parigi | M81: Depo/Machine Room
A82: 3422 | B82: Polman | C82: DC021 | D82: Depo | F82: DC020 | G82: Penajam-Grogot | H82: Depo/Machine Room | I82: 600 | K82: DC020 | L82: Penajam-Grogot | M82: Depo/Machine Room
A83: 4287 | B83: Rantau | C83: DC022 | D83: Depo | F83: DC021 | G83: Polman | H83: Depo/Machine Room | I83: 500 | K83: DC021 | L83: Polman | M83: Depo/Machine Room
A84: 3554 | B84: Sengkang | C84: DC023 | D84: Depo | F84: DC022 | G84: Rantau | H84: Depo/Machine Room | I84: 800 | K84: DC022 | L84: Rantau | M84: Depo/Machine Room
A85: 3964 | B85: Singkawang | C85: DC024 | D85: Depo | F85: DC023 | G85: Sengkang | H85: Depo/Machine Room | I85: 500 | K85: DC023 | L85: Sengkang | M85: Depo/Machine Room
A86: 1169 | B86: Sinjai | C86: DC025 | D86: Depo | F86: DC024 | G86: Singkawang | H86: Depo/Machine Room | I86: 1000 | K86: DC024 | L86: Singkawang | M86: Depo/Machine Room
A87: =2842+3 -> 2845 | B87: Sintang | C87: DC026 | D87: Depo | F87: DC025 | G87: Sinjai | H87: Depo/Machine Room | I87: 400 | K87: DC025 | L87: Sinjai | M87: Depo/Machine Room
A88: 1978 | B88: Takalar | C88: DC027 | D88: Depo | F88: DC026 | G88: Sintang | H88: Depo/Machine Room | I88: 400 | K88: DC026 | L88: Sintang | M88: Depo/Machine Room
A89: 2088 | B89: Tomohon | C89: DC028 | D89: Depo | F89: DC027 | G89: Takalar | H89: Depo/Machine Room | I89: 400 | K89: DC027 | L89: Takalar | M89: Depo/Machine Room
A90: 3785 | B90: Toraja | C90: DC029 | D90: Depo | F90: DC028 | G90: Tomohon | H90: Depo/Machine Room | I90: 800 | K90: DC028 | L90: Tomohon | M90: Depo/Machine Room
A91: 2181 | B91: Unaaha | C91: DC030 | D91: Depo | F91: DC029 | G91: Toraja | H91: Depo/Machine Room | I91: 500 | K91: DC029 | L91: Toraja | M91: Depo/Machine Room
A92: 2724 | B92: Bau-Bau | C92: DC046 | D92: Indirect DC | F92: DC030 | G92: Unaaha | H92: Depo/Machine Room | I92: 700 | K92: DC030 | L92: Unaaha | M92: Depo/Machine Room
A93: 5783 | B93: BIMA | C93: DC047 | D93: Indirect DC | F93: DC046 | G93: Bau-Bau | H93: Indirect DC | I93: 200 | K93: DC046 | L93: Bau-Bau | M93: Indirect DC
A94: 2871 | B94: Bone | C94: DC048 | D94: Indirect DC | F94: DC047 | G94: BIMA | H94: Indirect DC | I94: 400 | K94: DC047 | L94: BIMA | M94: Indirect DC
A95: 8017 | B95: Gorontalo | C95: DC049 | D95: Indirect DC | F95: DC048 | G95: Bone | H95: Indirect DC | I95: 600 | K95: DC048 | L95: Bone | M95: Indirect DC
A96: 8540 | B96: Kupang | C96: DC050 | D96: Indirect DC | F96: DC049 | G96: Gorontalo | H96: Indirect DC | I96: 1120 | K96: DC049 | L96: Gorontalo | M96: Indirect DC
A97: 9643 | B97: Luwuk | C97: DC051 | D97: Indirect DC | F97: DC050 | G97: Kupang | H97: Indirect DC | I97: 1240 | K97: DC050 | L97: Kupang | M97: Indirect DC
A98: 2902 | B98: Mamuju | C98: DC052 | D98: Indirect DC | F98: DC051 | G98: Luwuk | H98: Indirect DC | I98: 320 | K98: DC051 | L98: Luwuk | M98: Indirect DC
A99: 2709 | B99: Maumere | C99: DC053 | D99: Indirect DC | F99: DC052 | G99: Mamuju | H99: Indirect DC | I99: 400 | K99: DC052 | L99: Mamuju | M99: Indirect DC
... A103: 3519 | B103: Sumbawa | C103: DC057 | D103: Indirect DC | F103: DC056 | G103: Poso | H103: Indirect DC | I103: 800 | K103: DC056 | L103: Poso | M103: Indirect DC
F104: DC057 | G104: Sumbawa | H104: Indirect DC | I104: 320 | K104: DC057 | L104: Sumbawa | M104: Indirect DC

Sheet Total Pengiriman
A1: Demand | B1: Daerah | C1: DC | D1: Tipe | E1: Total Pengiriman | F1: Minimal Kapasitas | G1: Kapasitas Kendaraan | H1: Cek | L1: Type | M1: Volume | N1: Harga BBM | O1: Petrol Consumption (Rasio BBM) | P1: Harga Bahan Bakar/KM
A2: 28496 | B2: Denpasar | C2: DC031 | D2: Direct CPU | E2: 18 | F2: =ROUNDUP(A2/E2,0) -> 1584 | G2: 5280 | H2: =IF(G2>F2,TRUE()) -> TRUE | L2: CDD | M2: 280 | O2: 4 | P2: =6800/4 -> 1700
A3: 6252 | B3: Kendari | C3: DC032 | D3: Direct CPU | E3: 7 | F3: =ROUNDUP(A3/E3,0) -> 894 | G3: 1640 | H3: =IF(G3>F3,TRUE()) -> TRUE | L3: CDE | M3: 200 | O3: 7 | P3: =6800/7 -> 971.42857
A4: 17216 | B4: Lombok | C4: DC033 | D4: Direct CPU | E4: 24 | F4: =ROUNDUP(A4/E4,0) -> 718 | G4: 1600 | H4: =IF(G4>F4,TRUE()) -> TRUE | L4: GrandMax | M4: 120 | O4: 8 | P4: =10000/4 -> 2500
A5: 8800 | B5: Makassar | C5: DC034 | D5: Direct CPU | E5: 27 | F5: =ROUNDUP(A5/E5,0) -> 326 | G5: 2920 | H5: =IF(G5>F5,TRUE()) -> TRUE | L5: Kijang | M5: 80 | O5: 10 | P5: =10000/10 -> 1000
A6: 6680 | B6: Manado | C6: DC035 | D6: Direct CPU | E6: 11 | F6: =ROUNDUP(A6/E6,0) -> 608 | G6: 3400 | H6: =IF(G6>F6,TRUE()) -> TRUE | L6: Motorbike | M6: 5 | O6: 15 | P6: =10000/15 -> 666.66667
A7: 7491 | B7: Palu | C7: DC036 | D7: Direct CPU | E7: 10 | F7: =ROUNDUP(A7/E7,0) -> 750 | G7: 1560 | H7: =IF(G7>F7,TRUE()) -> TRUE
A8: 16518 | B8: Balikpapan | C8: DC037 | D8: Direct DC | E8: 9 | F8: =ROUNDUP(A8/E8,0) -> 1836 | G8: 2880 | H8: =IF(G8>F8,TRUE()) -> TRUE
A9: 22620 | B9: Banjarmasin | C9: DC038 | D9: Direct DC | E9: 20 | F9: =ROUNDUP(A9/E9,0) -> 1131 | G9: 5280 | H9: =IF(G9>F9,TRUE()) -> TRUE | L9: Type | M9: Volume
A10: 2879 | B10: Berau | C10: DC039 | D10: Direct DC | E10: 3 | F10: =ROUNDUP(A10/E10,0) -> 960 | G10: 520 | H10: =IF(G10>F10,TRUE()) -> FALSE | L10: 40FT | M10: 2360
A11: 2010 | B11: Bontang | C11: DC040 | D11: Direct DC | E11: 3 | F11: =ROUNDUP(A11/E11,0) -> 670 | G11: 5280 | H11: =IF(G11>F11,TRUE()) -> TRUE | L11: Build Up | M11: 1600
A12: 4632 | B12: Palangkaraya | C12: DC041 | D12: Direct DC | E12: 4 | F12: =ROUNDUP(A12/E12,0) -> 1158 | G12: 1040 | H12: =IF(G12>F12,TRUE()) -> FALSE | L12: 20FT | M12: 1160
A13: 8377 | B13: Pontianak | C13: DC042 | D13: Direct DC | E13: 8 | F13: =ROUNDUP(A13/E13,0) -> 1048 | G13: 5280 | H13: =IF(G13>F13,TRUE()) -> TRUE | L13: FUSO | M13: 880
A14: 11295 | B14: Samarinda | C14: DC043 | D14: Direct DC | E14: 10 | F14: =ROUNDUP(A14/E14,0) -> 1130 | G14: 1800 | H14: =IF(G14>F14,TRUE()) -> TRUE | L14: CDD | M14: 280
A15: 4316 | B15: Sampit | C15: DC044 | D15: Direct DC | E15: 5 | F15: =ROUNDUP(A15/E15,0) -> 864 | G15: 1000 | H15: =IF(G15>F15,TRUE()) -> TRUE
A16: 12523 | B16: Tarakan | C16: DC045 | D16: Direct DC | E16: 6 | F16: =ROUNDUP(A16/E16,0) -> 2088 | G16: 520 | H16: =IF(G16>F16,TRUE()) -> FALSE

Sheet Total Biaya Middle Mile
A1: Asal | B1: Rute | C1: Vehicles | D1: Total Trips | E1: Muatan (box) | F1: Biaya BBM | G1: Total Driver | H1: Max Trip/ Kendaraan | I1: Total Biaya Driver | K1: 💰 RINGKASAN 4 KOMPONEN BIAYA — sesuai Fungsi Objektif Z₂ di laporan
A2: Banjarmasin | B2: CDE ke Barabai | C2: 2 | D2: 63 | E2: 12496 | F2: 8864575 | G2: 8 | H2: 46 | I2: =(G2)* 3825443.7 -> 30603550 | K2: Asal | L2: Biaya BBM | M2: Sewa Kendaraan | N2: Biaya Driver | O2: Biaya Staff | P2: TOTAL per Asal | Q2: Source
B3: CDE ke Batu Licin | C3: 1 | D3: 39 | E3: 7766 | F3: 7695005 | K3: Banjarmasin | L3: =F5 -> 18574137 | M3: 26243373 | N3: =I2 -> 30603550 | O3: =IFERROR(VLOOKUP(K3,'Biaya Staff'!$B$2:$H$28,7,FALSE()),0) -> 32154437 | P3: =L3+M3+N3+O3 -> 1.075755e+08 | Q3: L=F5 (BBM total) · M=hardcoded (lihat comment) · N=I2 (Driver total) · O=VLOOKUP Biaya Staff
B4: CDE ke Rantau | C4: 1 | D4: 22 | E4: 4287 | F4: 2014556 | K4: Lombok | L4: =F10 -> 59814875 | M4: 56400000 | N4: =I6 -> 75737265 | O4: =IFERROR(VLOOKUP(K4,'Biaya Staff'!$B$2:$H$28,7,FALSE()),0) -> 26570763 | P4: =L4+M4+N4+O4 -> 2.185229e+08 | Q4: L=F10 (BBM total) · M=hardcoded (lihat comment) · N=I6 (Driver total) · O=VLOOKUP Biaya Staff
B5: Total | C5: 4 | E5: 24549 | F5: 18574137 | K5: Bontang | L5: =F12 -> 402560 | M5: 6560843.3 | N5: =I11 -> 6430887.4 | O5: =IFERROR(VLOOKUP(K5,'Biaya Staff'!$B$2:$H$28,7,FALSE()),0) -> 16077218 | P5: =L5+M5+N5+O5 -> 29471509 | Q5: L=F12 (BBM total) · M=hardcoded (lihat comment) · N=I11 (Driver total) · O=VLOOKUP Biaya Staff
A6: Lombok | B6: CDD ke Sumbawa | C6: 1 | D6: 7 | E6: 1919 | F6: 2135872 | G6: 20 | H6: 8 | I6: =G6* 3786863.26 -> 75737265 | K6: Palangkaraya | L6: =F14 -> 7998945 | M6: 6560843.3 | N6: =I13 -> 7684406 | O6: =IFERROR(VLOOKUP(K6,'Biaya Staff'!$B$2:$H$28,7,FALSE()),0) -> 32322030 | P6: =L6+M6+N6+O6 -> 54566224 | Q6: L=F14 (BBM total) · M=hardcoded (lihat comment) · N=I13 (Driver total) · O=VLOOKUP Biaya Staff
B7: CDE ke Kupang | C7: 6 | D7: 43 | E7: 8540 | F7: 43709330 | K7: Pontianak | L7: =F18 -> 13430777 | M7: 19682530 | N7: =I15 -> 19292662 | O7: =IFERROR(VLOOKUP(K7,'Biaya Staff'!$B$2:$H$28,7,FALSE()),0) -> 32154437 | P7: =L7+M7+N7+O7 -> 84560406 | Q7: L=F18 (BBM total) · M=hardcoded (lihat comment) · N=I15 (Driver total) · O=VLOOKUP Biaya Staff
B8: CDE ke Maumere | C8: 2 | D8: 14 | E8: 2709 | F8: 12574818 | K8: Sampit | L8: =F20 -> 32527874 | M8: 6560843.3 | N8: =I19 -> 7698866 | O8: =IFERROR(VLOOKUP(K8,'Biaya Staff'!$B$2:$H$28,7,FALSE()),0) -> 29154897 | P8: =L8+M8+N8+O8 -> 75942480 | Q8: L=F20 (BBM total) · M=hardcoded (lihat comment) · N=I19 (Driver total) · O=VLOOKUP Biaya Staff
B9: CDE ke Sumbawa | C9: 1 | D9: 8 | E9: 1600 | F9: 1394855 | K9: Kendari | L9: =F24 -> 6771810 | M9: 14500000 | N9: =I21 -> 21595022 | O9: =IFERROR(VLOOKUP(K9,'Biaya Staff'!$B$2:$H$28,7,FALSE()),0) -> 32392532 | P9: =L9+M9+N9+O9 -> 75259364 | Q9: L=F24 (BBM total) · M=hardcoded (lihat comment) · N=I21 (Driver total) · O=VLOOKUP Biaya Staff
B10: Total | C10: 10 | E10: 14768 | F10: 59814875 | K10: Manado | L10: =F30 -> 21920153 | M10: 27000000 | N10: =I25 -> 52685334 | O10: =IFERROR(VLOOKUP(K10,'Biaya Staff'!$B$2:$H$28,7,FALSE()),0) -> 43904445 | P10: =L10+M10+N10+O10 -> 145509932 | Q10: L=F30 (BBM total) · M=hardcoded (lihat comment) · N=I25 (Driver total) · O=VLOOKUP Biaya Staff
A11: Bontang | B11: CDE ke Bontang-Sangata | C11: 1 | D11: 7 | E11: 1330 | F11: 402560 | G11: 2 | H11: 158 | I11: =G11* 3215443.7 -> 6430887.4 | K11: Palu | L11: =F35 -> 37182716 | M11: 36500000 | N11: =I31 -> 47275871 | O11: =IFERROR(VLOOKUP(K11,'Biaya Staff'!$B$2:$H$28,7,FALSE()),0) -> 34754077 | P11: =L11+M11+N11+O11 -> 1.5571266e+08 | Q11: L=F35 (BBM total) · M=hardcoded (lihat comment) · N=I31 (Driver total) · O=VLOOKUP Biaya Staff
B12: Total | C12: 1 | E12: 1330 | F12: 402560 | K12: Palopo | L12: =F39 -> 5487681 | M12: 14500000 | N12: =I36 -> 24693833 | O12: =IFERROR(VLOOKUP(K12,'Biaya Staff'!$B$2:$H$28,7,FALSE()),0) -> 16462555 | P12: =L12+M12+N12+O12 -> 61144069 | Q12: L=F39 (BBM total) · M=hardcoded (lihat comment) · N=I36 (Driver total) · O=VLOOKUP Biaya Staff
A13: Palangkaraya | B13: CDE ke Ampah | C13: 1 | D13: 24 | E13: 4623 | F13: 7998945 | G13: 2 | H13: 27 | I13: =G13* 3842203 -> 7684406 | K13: Pare-Pare | L13: =F43 -> 3918434 | M13: 14500000 | N13: =I40 -> 24693833 | O13: =IFERROR(VLOOKUP(K13,'Biaya Staff'!$B$2:$H$28,7,FALSE()),0) -> 12346916 | P13: =L13+M13+N13+O13 -> 55459183 | Q13: L=F43 (BBM total) · M=hardcoded (lihat comment) · N=I40 (Driver total) · O=VLOOKUP Biaya Staff
B14: Total | C14: 1 | E14: 4623 | F14: 7998945 | K14: Balikpapan | L14: =F45 -> 3775935 | M14: 6560843.3 | N14: =I44 -> 8234142 | O14: =IFERROR(VLOOKUP(K14,'Biaya Staff'!$B$2:$H$28,7,FALSE()),0) -> 35070710 | P14: =L14+M14+N14+O14 -> 53641630 | Q14: L=F45 (BBM total) · M=hardcoded (lihat comment) · N=I44 (Driver total) · O=VLOOKUP Biaya Staff
A15: Pontianak | B15: CDE ke Ketapang | C15: 1 | D15: 17 | E15: 3313 | F15: 5819634 | G15: 6 | H15: 26 | I15: =G15* 3215443.7 -> 19292662 | K15: Makassar | L15: =F56 -> 22375938 | M15: 53800000 | N15: =I46 -> 93104526 | O15: =IFERROR(VLOOKUP(K15,'Biaya Staff'!$B$2:$H$28,7,FALSE()),0) -> 42320239 | P15: =L15+M15+N15+O15 -> 2.116007e+08 | Q15: L=F56 (BBM total) · M=hardcoded (lihat comment) · N=I46 (Driver total) · O=VLOOKUP Biaya Staff
B16: CDE ke Singkawang | C16: 1 | D16: 20 | E16: 3964 | F16: 2933714 | K16: Gorontalo | L16: =F58 -> 1831376 | M16: 5500000 | N16: =I57 -> 7250947.6 | O16: =IFERROR(VLOOKUP(K16,'Biaya Staff'!$B$2:$H$28,7,FALSE()),0) -> 7250947.6 | P16: =L16+M16+N16+O16 -> 21833271 | Q16: L=F58 (BBM total) · M=hardcoded (lihat comment) · N=I57 (Driver total) · O=VLOOKUP Biaya Staff
B17: CDE ke Sintang | C17: 1 | D17: 15 | E17: 2845 | F17: 4677429 | K17: GRAND TOTAL | L17: =SUM(L3:L16) -> 236013211 | M17: =SUM(M3:M16) -> 2.9486928e+08 | N17: =SUM(N3:N16) -> 4.2698114e+08 | O17: =SUM(O3:O16) -> 3.929362e+08 | P17: =SUM(P3:P16) -> 1.3507998e+09 | Q17: Total biaya Middle Mile per bulan (Z₂ minimum)
B18: Total | C18: 3 | E18: 10122 | F18: 13430777
A19: Sampit | B19: CDE ke Pangkalanbun | C19: 1 | D19: 32 | E19: 6285 | F19: 32527874 | G19: 2 | H19: 44 | I19: =2*'Biaya Driver'!E28 -> 7698866
B20: Total | C20: 1 | E20: 6285 | F20: 32527874
A21: Kendari | B21: CDE ke Kolaka | C21: 1 | D21: 18 | E21: 3579 | F21: 2696647 | G21: 6 | H21: 33 | I21: =6*'Biaya Driver'!E50 -> 21595022
B22: CDE ke Bau-Bau | C22: 1 | D22: 14 | E22: 2724 | F22: 3747888
B23: GrandMax ke Unaaha | C23: 1 | D23: 19 | E23: 2181 | F23: 327275
B24: Total | C24: 3 | E24: 8484 | F24: 6771810
A25: Manado | B25: CDE ke Kotamobagu | C25: 1 | D25: 19 | E25: 3692 | F25: 3146020 | G25: 12 | H25: 23 | I25: ='Biaya Driver'!E52*G25 -> 52685334
B26: CDE ke Gorontalo | C26: 2 | D26: 41 | E26: 8017 | F26: 15808358
B27: GrandMax ke Amurang | C27: 1 | D27: 15 | E27: 1729 | F27: 1038750
B28: GrandMax ke Bitung | C28: 1 | D28: 19 | E28: 2269 | F28: 1135250
B29: GrandMax ke Tomohon | C29: 1 | D29: 18 | E29: 2088 | F29: 791775
B30: Total | C30: 6 | E30: 17795 | F30: 21920153 | S30: 90-120
A31: Palu | B31: CDE ke Luwuk | C31: 4 | D31: 49 | E31: 9643 | F31: 28060200 | G31: 14 | H31: 15 | I31: ='Biaya Driver'!E53*G31 -> 47275871 | S31: 1 irang mengurus berapa barang
B32: CDE ke Mamuju | C32: 1 | D32: 15 | E32: 2902 | F32: 5927949 | S32: =IFERROR('Biaya Staff'!E32/'Biaya Staff'!D32,"-") -> -
B33: CDE ke Poso | C33: 1 | D33: 11 | E33: 2016 | F33: 2208417 | S33: =IFERROR('Biaya Staff'!E33/'Biaya Staff'!D33,"-") -> -
B34: GrandMax ke Parigi | C34: 1 | D34: 11 | E34: 1223 | F34: 986150 | S34: =IFERROR('Biaya Staff'!E34/'Biaya Staff'!D34,"-") -> -
B35: Total | C35: 7 | E35: 15604 | F35: 37182716 | S35: =IFERROR('Biaya Staff'!E35/'Biaya Staff'!D35,"-") -> -
A36: Palopo | B36: CDE ke Mangkutana | C36: 1 | D36: 23 | E36: 4425 | F36: 3093369 | G36: 6 | H36: 67 | I36: ='Biaya Driver'!E59*G36 -> 24693833 | S36: =IFERROR('Biaya Staff'!E36/'Biaya Staff'!D36,"-") -> -
B37: CDE ke Toraja | C37: 1 | D37: 19 | E37: 3785 | F37: 1332237 | S37: =IFERROR('Biaya Staff'!E37/'Biaya Staff'!D37,"-") -> -
B38: GrandMax ke Belopa | C38: 1 | D38: 17 | E38: 1924 | F38: 1062075 | S38: =IFERROR('Biaya Staff'!E38/'Biaya Staff'!D38,"-") -> -
B39: Total | C39: 3 | E39: 10134 | F39: 5487681 | S39: =IFERROR('Biaya Staff'!E39/'Biaya Staff'!D39,"-") -> -
A40: Pare-Pare | B40: CDE ke Polman | C40: 1 | D40: 18 | E40: 3422 | F40: 1810471 | G40: 6 | H40: 90 | I40: =G40*'Biaya Driver'!E60 -> 24693833 | S40: =IFERROR('Biaya Staff'!E40/'Biaya Staff'!D40,"-") -> -
B41: CDE ke Sengkang | C41: 1 | D41: 18 | E41: 3554 | F41: 1405851 | S41: =IFERROR('Biaya Staff'!E41/'Biaya Staff'!D41,"-") -> -
B42: GrandMax ke Barru | C42: 1 | D42: 9 | E42: 967 | F42: 702112 | S42: =IFERROR('Biaya Staff'!E42/'Biaya Staff'!D42,"-") -> -
B43: Total | C43: 3 | E43: 7943 | F43: 3918434 | S43: =IFERROR('Biaya Staff'!E43/'Biaya Staff'!D43,"-") -> -
A44: Balikpapan | B44: CDE ke Penajam-Grogot | C44: 1 | D44: 24 | E44: 4675 | F44: 3775935 | G44: 2 | H44: 57 | I44: =G44*'Biaya Driver'!E21 -> 8234142 | S44: =IFERROR('Biaya Staff'!E44/'Biaya Staff'!D44,"-") -> -
B45: Total | C45: 1 | E45: 4675 | F45: 3775935 | S45: =IFERROR('Biaya Staff'!E45/'Biaya Staff'!D45,"-") -> -
A46: Makassar | B46: CDD ke Gowa | C46: 1 | D46: 23 | E46: 6440 | F46: 640067 | G46: 22 | H46: 26 | I46: =G46*'Biaya Driver'!E51 -> 93104526 | S46: =IFERROR('Biaya Staff'!E46/'Biaya Staff'!D46,"-") -> -
B47: CDD ke Pare-Pare | C47: 1 | D47: 19 | E47: 5320 | F47: 5253272 | S47: =IFERROR('Biaya Staff'!E47/'Biaya Staff'!D47,"-") -> -
B48: CDE ke Bulukumba | C48: 1 | D48: 13 | E48: 2549 | F48: 2525714 | S48: =IFERROR('Biaya Staff'!E48/'Biaya Staff'!D48,"-") -> -
B49: CDE ke Gowa | C49: 1 | D49: 25 | E49: 5000 | F49: 397557 | S49: =IFERROR('Biaya Staff'!E49/'Biaya Staff'!D49,"-") -> -
B50: CDE ke Jeneponto | C50: 1 | D50: 13 | E50: 2600 | F50: 1230275 | S50: =IFERROR('Biaya Staff'!E50/'Biaya Staff'!D50,"-") -> -
B51: CDE ke Bone | C51: 1 | D51: 15 | E51: 2871 | F51: 2839243 | S51: =IFERROR('Biaya Staff'!E51/'Biaya Staff'!D51,"-") -> -
B52: CDE ke Palopo | C52: 1 | D52: 17 | E52: 3259 | F52: 6199133 | S52: =IFERROR('Biaya Staff'!E52/'Biaya Staff'!D52,"-") -> -
B53: CDE ke Sinjai | C53: 1 | D53: 6 | E53: 1169 | F53: 1307815 | S53: =IFERROR('Biaya Staff'!E53/'Biaya Staff'!D53,"-") -> -
B54: GrandMax ke Pangkep | C54: 1 | D54: 16 | E54: 1826 | F54: 1104600 | S54: =IFERROR('Biaya Staff'!E54/'Biaya Staff'!D54,"-") -> -
B55: GrandMax ke Takalar | C55: 1 | D55: 17 | E55: 1978 | F55: 878262 | S55: =IFERROR('Biaya Staff'!E55/'Biaya Staff'!D55,"-") -> -
B56: Total | C56: 11 | E56: 33282 | F56: 22375938 | S56: =IFERROR('Biaya Staff'!E56/'Biaya Staff'!D56,"-") -> -
A57: Gorontalo | B57: CDE ke Marisa | C57: 1 | D57: 14 | E57: 2672 | F57: 1831376 | G57: 2 | H57: 69 | I57: =G57*'Biaya Driver'!E56 -> 7250947.6 | S57: =IFERROR('Biaya Staff'!E57/'Biaya Staff'!D57,"-") -> -
B58: Total | C58: 1 | D58: 14 | E58: 2672 | F58: 1831376 | S58: =IFERROR('Biaya Staff'!E58/'Biaya Staff'!D58,"-") -> -
A59: TOTAL Middle Mile | F59: =SUM(F5,F10,F12,F14,F18,F20,F24,F30,F35,F39,F43,F45,F56,F58) -> 236013211 | I59: =(SUM(I6:I58)) -> 3.9637759e+08
A60: GRAND TOTAL | F60: =SUM(F59,I59) -> 6.3239081e+08

Sheet Biaya Driver
A1: jumlah driver: dari jarak tempuh --> waktu tempuh. jam kerja driver (waktu tempuh) <= 8 jam. Jika lebih dari 8 jam, maka nambah driver
A2: asumsi kecepatan rata2 vehicle | C2: 45 | D2: km/jam
A3: jumlah staf: dari kapasitas gudang
B4: Distributor Area | C4: Area | D4: Type | E4: Driver Cost | F4: Staff Cost | G4: *Rental (Sewa Gudang)
B5: Bali Nusra | C5: Denpasar | D5: Direct CPU | E5: 3786863.3 | F5: 3795823.2 | G5: 82833333
B6: Bali Nusra | C6: Lombok | D6: Direct CPU | E6: 3786863.3 | F6: 3795823.2 | G6: 82833333
B7: Bali Nusra | C7: BIMA | D7: Indirect DC | E7: 3786863.3 | F7: 3795823.2 | G7: 47333333
B8: Bali Nusra | C8: Kupang | D8: Indirect DC | E8: 3786863.3 | F8: 3795823.2 | G8: 47333333
B9: Bali Nusra | C9: Maumere | D9: Indirect DC | E9: 3786863.3 | F9: 3795823.2 | G9: 47333333
B10: Bali Nusra | C10: Sumbawa | D10: Indirect DC | E10: 3786863.3 | F10: 3795823.2 | G10: 47333333
B11: Kalimantan | C11: Ampah - Teweh | D11: Depo | E11: 0 | F11: 0 | G11: 2366666.7
B12: Kalimantan | C12: Barabai | D12: Depo | E12: 0 | F12: 0 | G12: 2366666.7
B13: Kalimantan | C13: Batulicin | D13: Depo | E13: 0 | F13: 0 | G13: 2366666.7
B14: Kalimantan | C14: Bontang-Sangata | D14: Depo | E14: 0 | F14: 0 | G14: 2366666.7
B15: Kalimantan | C15: Ketapang | D15: Depo | E15: 0 | F15: 0 | G15: 2366666.7
B16: Kalimantan | C16: Pangkalanbun | D16: Depo | E16: 0 | F16: 0 | G16: 2366666.7
... B61: Sulawesi | C61: Poso | D61: Indirect DC | E61: 3254854.2 | F61: 3254854.2 | G61: 47333333
A62: Sumbawa asumsi
A63: Karena dekat makassar

Sheet Kapasitas Inventori(ini rada su
H1: Estimasi kapasitas depo
H2: Depo Kalimantan | K2: Depo Sulawesi | N2: Depo BaliNusra
B3: DC ID | C3: Area | D3: Type | E3: Capacity | G3: DC ID | H3: Depo | I3: Estimasi Kapasitas | K3: Depo | L3: Estimasi Kapasitas | N3: Depo | O3: Estimasi Kapasitas
B4: DC001 | C4: Ampah-Teweh | D4: Depo | E4: 500 | F4: =4*E4 -> 2000 | G4: DC024 | H4: Singkawang | I4: 1000 | J4: =4*I4 -> 4000 | K4: Bulukumba | L4: 400 | M4: =4*L4 -> 1600 | N4: Bima | O4: 400 | P4: =4*O4 -> 1600
B5: DC003 | C5: Barabai | D5: Depo | E5: 400 | F5: =4*E5 -> 1600 | G5: DC012 | H5: Ketapang | I5: 400 | J5: =4*I5 -> 1600 | K5: Gowa | L5: 400 | M5: =4*L5 -> 1600 | N5: Sumbawa | O5: 300 | P5: =4*O5 -> 1200
B6: DC004 | C6: Barru | D6: Depo | E6: 500 | F6: =4*E6 -> 2000 | G6: DC017 | H6: Pangkalanbun | I6: 400 | J6: =4*I6 -> 1600 | K6: Jeneponto | L6: 400 | M6: =4*L6 -> 1600 | N6: Kupang | O6: 600 | P6: =4*O6 -> 2400
B7: DC005 | C7: Batulicin | D7: Depo | E7: 800 | F7: =4*E7 -> 3200 | G7: DC003 | H7: Barabai | I7: 400 | J7: =4*I7 -> 1600 | K7: Pangkep | L7: 400 | M7: =4*L7 -> 1600 | N7: Maumere | O7: 500 | P7: =4*O7 -> 2000
B8: DC006 | C8: Belopa | D8: Depo | E8: 500 | F8: =4*E8 -> 2000 | G8: DC026 | H8: Sintang | I8: 400 | J8: =4*I8 -> 1600 | K8: Sinjai | L8: 400 | M8: =4*L8 -> 1600
B9: DC008 | C9: Bontang Sangata | D9: Depo | E9: 200 | F9: =4*E9 -> 800 | G9: DC022 | H9: Rantau | I9: 800 | J9: =4*I9 -> 3200 | K9: Takalar | L9: 400 | M9: =4*L9 -> 1600
B10: DC009 | C10: Bulukumba | D10: Depo | E10: 400 | F10: =4*E10 -> 1600 | G10: DC005 | H10: Batulicin | I10: 800 | J10: =4*I10 -> 3200 | K10: Belopa | L10: 500 | M10: =4*L10 -> 2000
B11: DC010 | C11: Gowa | D11: Depo | E11: 400 | F11: =4*E11 -> 1600 | G11: DC020 | H11: Penajam-Grogot | I11: 600 | J11: =4*I11 -> 2400 | K11: Mangkutanah | L11: 500 | M11: =4*L11 -> 2000
B12: DC011 | C12: Jeneponto | D12: Depo | E12: 400 | F12: =4*E12 -> 1600 | G12: DC001 | H12: Ampah-Teweh | I12: 500 | J12: =4*I12 -> 2000 | K12: Toraja | L12: 500 | M12: =4*L12 -> 2000
B13: DC012 | C13: Ketapang | D13: Depo | E13: 400 | F13: =4*E13 -> 1600 | G13: DC008 | H13: Bontang Sangata | I13: 200 | J13: =4*I13 -> 800 | K13: Barru | L13: 500 | M13: =4*L13 -> 2000
B14: DC015 | C14: Mangkutana | D14: Depo | E14: 500 | F14: =4*E14 -> 2000 | K14: Polman | L14: 500 | M14: =4*L14 -> 2000
B15: DC016 | C15: Marisa | D15: Depo | E15: 350 | F15: =4*E15 -> 1400 | G15: =100/15 -> 6.6666667 | K15: Sengkang | L15: 500 | M15: =4*L15 -> 2000
B16: DC017 | C16: Pangkalanbun | D16: Depo | E16: 400 | F16: =4*E16 -> 1600 | K16: Marisa | L16: 350 | M16: =4*L16 -> 1400
B17: DC018 | C17: Pangkep | D17: Depo | E17: 400 | F17: =4*E17 -> 1600
B18: DC020 | C18: Penajam-Grogot | D18: Depo | E18: 600 | F18: =4*E18 -> 2400
B19: DC021 | C19: Polman | D19: Depo | E19: 500 | F19: =4*E19 -> 2000 | G19: DC2,DC007,DC013, DC014, DC19, DC28, DC30
B20: DC022 | C20: Rantau | D20: Depo | E20: 800 | F20: =4*E20 -> 3200
B21: DC023 | C21: Sengkang | D21: Depo | E21: 500 | F21: =4*E21 -> 2000
B22: DC024 | C22: Singkawang | D22: Depo | E22: 1000 | F22: =4*E22 -> 4000
B23: DC025 | C23: Sinjai | D23: Depo | E23: 400 | F23: =4*E23 -> 1600
B24: DC026 | C24: Sintang | D24: Depo | E24: 400 | F24: =4*E24 -> 1600
B25: DC027 | C25: Takalar | D25: Depo | E25: 400 | F25: =4*E25 -> 1600
B26: DC029 | C26: Toraja | D26: Depo | E26: 500 | F26: =4*E26 -> 2000
B27: DC031 | C27: Denpasar | D27: Direct CPU | E27: 5280 | F27: =4*E27 -> 21120
B28: DC032 | C28: Kendari | D28: Direct CPU | E28: 1640 | F28: =4*E28 -> 6560
B29: DC033 | C29: Lombok | D29: Direct CPU | E29: 1600 | F29: =4*E29 -> 6400
B30: DC034 | C30: Makassar | D30: Direct CPU | E30: 2920 | F30: =4*E30 -> 11680
B31: DC035 | C31: Manado | D31: Direct CPU | E31: 3400 | K31: ID Asal | L31: Lokasi Asal | M31: ID Tujuan | N31: Nama Kota | O31: Jarak (km)
B32: DC036 | C32: Palu | D32: Direct CPU | E32: 1560 | K32: DC037 | L32: Balikpapan | M32: DC020 | N32: Penajam-Grogot | O32: 161.958
B33: DC037 | C33: Balikpapan | D33: Direct DC | E33: 2880 | K33: DC038 | L33: Banjarmasin | M33: DC003 | N33: Barabai | O33: 144.846
B34: DC038 | C34: Banjarmasin | D34: Direct DC | E34: 5280 | K34: DC038 | L34: Banjarmasin | M34: DC005 | N34: Batulicin | O34: 203.111
B35: DC039 | C35: Berau | D35: Direct DC | E35: 520 | K35: DC038 | L35: Banjarmasin | M35: DC022 | N35: Rantau | O35: 94.264
B36: DC040 | C36: Bontang | D36: Direct DC | E36: 5280 | K36: DC040 | L36: Bontang | M36: DC008 | N36: Bontang-Sangata | O36: 59.2
B37: DC041 | C37: Palangkaraya | D37: Direct DC | E37: 1040 | K37: DC033 | L37: Lombok | M37: DC047 | N37: BIMA | O37: 440.971
B38: DC042 | C38: Pontianak | D38: Direct DC | E38: 5280 | K38: DC049 | L38: Gorontalo | M38: DC016 | N38: Marisa | O38: 134.66
B39: DC043 | C39: Samarinda | D39: Direct DC | E39: 1800 | K39: PabrikKarawang | L39: Karawang | M39: DC031 | N39: Denpasar | O39: 1044.466
B40: DC044 | C40: Sampit | D40: Direct DC | E40: 1000 | K40: PabrikKarawang | L40: Karawang | M40: DC033 | N40: Lombok | O40: 1144.628
B41: DC045 | C41: Tarakan | D41: Direct DC | E41: 520 | K41: DC032 | L41: Kendari | M41: DC046 | N41: Bau-Bau | O41: 275.58
B42: DC046 | C42: Bau-Bau | D42: Indirect DC | E42: 200 | K42: DC032 | L42: Kendari | M42: DC013 | N42: Kolaka | O42: 154.22
K43: DC032 | L43: Kendari | M43: DC030 | N43: Unaaha | O43: 13.78
B44: DC047 | C44: BIMA | D44: Indirect DC | E44: 400 | K44: DC033 | L44: Lombok | M44: DC050 | N44: Kupang | O44: 1046.393
B45: DC048 | C45: Bone | D45: Indirect DC | E45: 600 | K45: DC033 | L45: Lombok | M45: DC053 | N45: Maumere | O45: 924.619
B46: DC049 | C46: Gorontalo | D46: Indirect DC | E46: 1120 | K46: DC033 | L46: Lombok | M46: DC057 | N46: Sumbawa | O46: 179.485
B47: DC050 | C47: Kupang | D47: Indirect DC | E47: 1240 | K47: DC034 | L47: Makassar | M47: DC048 | N47: Bone | O47: 194.85
B48: DC051 | C48: Luwuk | D48: Indirect DC | E48: 320 | K48: DC034 | L48: Makassar | M48: DC009 | N48: Bulukumba | O48: 200
B49: DC052 | C49: Mamuju | D49: Indirect DC | E49: 400 | K49: DC034 | L49: Makassar | M49: DC010 | N49: Gowa | O49: 16.37
B50: DC053 | C50: Maumere | D50: Indirect DC | E50: 960 | K50: DC034 | L50: Makassar | M50: DC011 | N50: Jeneponto | O50: 97.42
B51: DC054 | C51: Palopo | D51: Indirect DC | E51: 1640 | K51: DC034 | L51: Makassar | M51: DC054 | N51: Palopo | O51: 375.38
B52: DC055 | C52: Pare-Pare | D52: Indirect DC | E52: 1480 | K52: DC034 | L52: Makassar | M52: DC018 | N52: Pangkep | O52: 55.23
B53: DC056 | C53: Poso | D53: Indirect DC | E53: 800 | K53: DC034 | L53: Makassar | M53: DC027 | N53: Takalar | O53: 41.33
B54: DC057 | C54: Sumbawa | D54: Indirect DC | E54: 320 | K54: DC034 | L54: Makassar | M54: DC025 | N54: Sinjai | O54: 224.38
B55: DC002 | C55: Amurang | D55: Depo | E55: 500 | K55: DC035 | L55: Manado | M55: DC002 | N55: Amurang | O55: 55.4
K56: DC035 | L56: Manado | M56: DC014 | N56: Kotamobagu | O56: 170.45
K57: DC035 | L57: Manado | M57: DC028 | N57: Tomohon | O57: 35.19
K58: DC035 | L58: Manado | M58: DC007 | N58: Bitung | O58: 47.8
K59: DC041 | L59: Palangkaraya | M59: DC001 | N59: Ampah - Teweh | O59: 343.092
K60: DC054 | L60: Palopo | M60: DC006 | N60: Belopa | O60: 49.98
K61: DC054 | L61: Palopo | M61: DC029 | N61: Toraja | O61: 72.18
K62: DC054 | L62: Palopo | M62: DC015 | N62: Mangkutana | O62: 138.45
K63: DC036 | L63: Palu | M63: DC051 | N63: Luwuk | O63: 589.5
K64: DC036 | L64: Palu | M64: DC052 | N64: Mamuju | O64: 406.82
K65: DC036 | L65: Palu | M65: DC019 | N65: Parigi | O65: 71.72
K66: DC036 | L66: Palu | M66: DC056 | N66: Poso | O66: 206.67
K67: DC055 | L67: Pare-Pare | M67: DC004 | N67: Barru | O67: 62.41
... K75: DC034 | L75: Makassar | M75: DC055 | N75: Pare-Pare | O75: 162.64

Sheet Biaya Staff
A1: Frekuensi Penerimaan | B1: Daerah | C1: Permintaan | D1: Rata-Rata Penerimaan | E1: Total Waktu (menit) | F1: Waktu Karyawan Kerja(menit) | G1: Jumlah Staff | H1: Biaya Staff
A2: 18 | B2: Denpasar | C2: 28496 | D2: =C2/A2 -> 1583.1111 | E2: =D2 * 2 -> 3166.2222 | F2: =8*60 -> 480 | G2: =ROUNDUP(E2/F2,0) -> 7 | H2: =G2*'Biaya Driver'!F5 -> 26570763 | J2: Rata-Rata penerimaan dikali 2 menit
A3: 7 | B3: Kendari | C3: 14736 | D3: =C3/A3 -> 2105.1429 | E3: =D3 * 2 -> 4210.2857 | F3: =8*60 -> 480 | G3: =ROUNDUP(E3/F3,0) -> 9 | H3: =G3*'Biaya Driver'!F50 -> 32392532
A4: 24 | B4: Lombok | C4: 37767 | D4: =C4/A4 -> 1573.625 | E4: =D4 * 2 -> 3147.25 | F4: =8*60 -> 480 | G4: =ROUNDUP(E4/F4,0) -> 7 | H4: =G4*'Biaya Driver'!F6 -> 26570763
A5: 27 | B5: Makassar | C5: 62670 | D5: =C5/A5 -> 2321.1111 | E5: =D5 * 2 -> 4642.2222 | F5: =8*60 -> 480 | G5: =ROUNDUP(E5/F5,0) -> 10 | H5: =G5*'Biaya Driver'!F51 -> 42320239
A6: 11 | B6: Manado | C6: 25418 | D6: =C6/A6 -> 2310.7273 | E6: =D6 * 2 -> 4621.4545 | F6: =8*60 -> 480 | G6: =ROUNDUP(E6/F6,0) -> 10 | H6: =G6*'Biaya Driver'!F52 -> 43904445
A7: 10 | B7: Palu | C7: 23275 | D7: =C7/A7 -> 2327.5 | E7: =D7 * 2 -> 4655 | F7: =8*60 -> 480 | G7: =ROUNDUP(E7/F7,0) -> 10 | H7: =G7*'Biaya Driver'!F53 -> 34754077
A8: 9 | B8: Balikpapan | C8: 21193 | D8: =C8/A8 -> 2354.7778 | E8: =D8 * 2 -> 4709.5556 | F8: =8*60 -> 480 | G8: =ROUNDUP(E8/F8,0) -> 10 | H8: =G8*'Biaya Driver'!F21 -> 35070710
A9: 20 | B9: Banjarmasin | C9: 47169 | D9: =C9/A9 -> 2358.45 | E9: =D9 * 2 -> 4716.9 | F9: =8*60 -> 480 | G9: =ROUNDUP(E9/F9,0) -> 10 | H9: =G9*'Biaya Driver'!F22 -> 32154437
A10: 3 | B10: Berau | C10: 2879 | D10: =C10/A10 -> 959.66667 | E10: =D10 * 2 -> 1919.3333 | F10: =8*60 -> 480 | G10: =ROUNDUP(E10/F10,0) -> 4 | H10: =G10*'Biaya Driver'!F23 -> 15319057
A11: 3 | B11: Bontang | C11: 3340 | D11: =C11/A11 -> 1113.3333 | E11: =D11 * 2 -> 2226.6667 | F11: =8*60 -> 480 | G11: =ROUNDUP(E11/F11,0) -> 5 | H11: =G11*'Biaya Driver'!F24 -> 16077218
A12: 4 | B12: Palangkaraya | C12: 9255 | D12: =C12/A12 -> 2313.75 | E12: =D12 * 2 -> 4627.5 | F12: =8*60 -> 480 | G12: =ROUNDUP(E12/F12,0) -> 10 | H12: =G12*'Biaya Driver'!F25 -> 32322030
A13: 8 | B13: Pontianak | C13: 18499 | D13: =C13/A13 -> 2312.375 | E13: =D13 * 2 -> 4624.75 | F13: =8*60 -> 480 | G13: =ROUNDUP(E13/F13,0) -> 10 | H13: =G13*'Biaya Driver'!F26 -> 32154437
A14: 10 | B14: Samarinda | C14: 11295 | D14: =C14/A14 -> 1129.5 | E14: =D14 * 2 -> 2259 | F14: =8*60 -> 480 | G14: =ROUNDUP(E14/F14,0) -> 5 | H14: =G14*'Biaya Driver'!F27 -> 17776635
A15: 5 | B15: Sampit | C15: 10601 | D15: =C15/A15 -> 2120.2 | E15: =D15 * 2 -> 4240.4 | F15: =8*60 -> 480 | G15: =ROUNDUP(E15/F15,0) -> 9 | H15: =G15*'Biaya Driver'!F28 -> 29154897
A16: 6 | B16: Tarakan | C16: 12523 | D16: =C16/A16 -> 2087.1667 | E16: =D16 * 2 -> 4174.3333 | F16: =8*60 -> 480 | G16: =ROUNDUP(E16/F16,0) -> 9 | H16: =G16*'Biaya Driver'!F29 -> 38627739
A17: 14 | B17: Bau-Bau | C17: 2724 | D17: =C17/A17 -> 194.57143 | E17: =D17 * 2 -> 389.14286 | F17: =8*60 -> 480 | G17: =ROUNDUP(E17/F17,0) -> 1 | H17: =G17*'Biaya Driver'!G54 -> 47333333
A18: 29 | B18: BIMA | C18: 5783 | D18: =C18/A18 -> 199.41379 | E18: =D18 * 2 -> 398.82759 | F18: =8*60 -> 480 | G18: =ROUNDUP(E18/F18,0) -> 1 | H18: =G18*'Biaya Driver'!F7 -> 3795823.2
A19: 15 | B19: Bone | C19: 2871 | D19: =C19/A19 -> 191.4 | E19: =D19 * 2 -> 382.8 | F19: =8*60 -> 480 | G19: =ROUNDUP(E19/F19,0) -> 1 | H19: =G19*'Biaya Driver'!F55 -> 4115638.8
A20: 41 | B20: Gorontalo | C20: 10689 | D20: =C20/A20 -> 260.70732 | E20: =D20 * 2 -> 521.41463 | F20: =8*60 -> 480 | G20: =ROUNDUP(E20/F20,0) -> 2 | H20: =G20*'Biaya Driver'!F56 -> 7250947.6
A21: 43 | B21: Kupang | C21: 8540 | D21: =C21/A21 -> 198.60465 | E21: =D21 * 2 -> 397.2093 | F21: =8*60 -> 480 | G21: =ROUNDUP(E21/F21,0) -> 1 | H21: =G21*'Biaya Driver'!F8 -> 3795823.2
A22: 49 | B22: Luwuk | C22: 9643 | D22: =C22/A22 -> 196.79592 | E22: =D22 * 2 -> 393.59184 | F22: =8*60 -> 480 | G22: =ROUNDUP(E22/F22,0) -> 1 | H22: =G22*'Biaya Driver'!F57 -> 3795823.2
A23: 15 | B23: Mamuju | C23: 2902 | D23: =C23/A23 -> 193.46667 | E23: =D23 * 2 -> 386.93333 | F23: =8*60 -> 480 | G23: =ROUNDUP(E23/F23,0) -> 1 | H23: =G23*'Biaya Driver'!F58 -> 3512146
A24: 14 | B24: Maumere | C24: 2709 | D24: =C24/A24 -> 193.5 | E24: =D24 * 2 -> 387 | F24: =8*60 -> 480 | G24: =ROUNDUP(E24/F24,0) -> 1 | H24: =G24*'Biaya Driver'!F9 -> 3795823.2
A25: 17 | B25: Palopo | C25: 13393 | D25: =C25/A25 -> 787.82353 | E25: =D25 * 2 -> 1575.6471 | F25: =8*60 -> 480 | G25: =ROUNDUP(E25/F25,0) -> 4 | H25: =G25*'Biaya Driver'!F59 -> 16462555
A26: 19 | B26: Pare-Pare | C26: 13252 | D26: =C26/A26 -> 697.47368 | E26: =D26 * 2 -> 1394.9474 | F26: =8*60 -> 480 | G26: =ROUNDUP(E26/F26,0) -> 3 | H26: =G26*'Biaya Driver'!F60 -> 12346916
A27: 11 | B27: Poso | C27: 2016 | D27: =C27/A27 -> 183.27273 | E27: =D27 * 2 -> 366.54545 | F27: =8*60 -> 480 | G27: =ROUNDUP(E27/F27,0) -> 1 | H27: =G27*'Biaya Driver'!F61 -> 3254854.2
A28: 15 | B28: Sumbawa | C28: 3519 | D28: =C28/A28 -> 234.6 | E28: =D28 * 2 -> 469.2 | F28: =8*60 -> 480 | G28: =ROUNDUP(E28/F28,0) -> 1 | H28: =G28*'Biaya Driver'!F10 -> 3795823.2
G29: =SUM(G2:G28) -> 143 | H29: =SUM(H2:H28) -> 5.6842549e+08
